date,dmwl,hours
2019-05-07,,7
2019-05-08,2.764377318566704,24
2019-05-09,2.681184969146986,21
2019-05-10,2.698086964499161,24
2019-05-11,2.773686242683377,24
2019-05-12,2.757299724568977,24
2019-05-13,2.763589600700493,24
2019-05-14,2.74642500534993,24
2019-05-15,2.84335406448512,24
2019-05-16,2.7891767006383796,24
2019-05-17,2.6922322226410187,24
2019-05-18,2.7746433082165485,24
2019-05-19,2.7850637074293996,24
2019-05-20,2.714436813067299,24
2019-05-21,2.720258357281274,24
2019-05-22,2.719583024018435,24
2019-05-23,2.690328955383325,24
2019-05-24,2.6918460850085553,24
2019-05-25,2.7895463900046416,24
2019-05-26,2.75154137130579,24
2019-05-27,2.738817679088409,24
2019-05-28,2.842261990378947,24
2019-05-29,2.832422576683229,24
2019-05-30,2.7731612060887953,24
2019-05-31,2.824510657692981,24
2019-06-01,2.797487124300399,24
2019-06-02,2.78742736446869,24
2019-06-03,2.7508235141655524,24
2019-06-04,2.793493658713135,24
2019-06-05,2.8102560375760546,24
2019-06-06,2.776056200700621,24
2019-06-07,2.674376013006982,24
2019-06-08,2.7323783145908447,24
2019-06-09,2.6421624628648344,24
2019-06-10,2.6658281219545046,24
2019-06-11,2.7596885212801157,24
2019-06-12,2.740386867942924,24
2019-06-13,2.710379554517912,24
2019-06-14,2.731254672582961,24
2019-06-15,2.7187881448948312,24
2019-06-16,2.668397677617532,24
2019-06-17,2.725498399457634,24
2019-06-18,2.717014584450705,24
2019-06-19,2.6899113544723905,24
2019-06-20,2.730792756888783,24
2019-06-21,2.7030963162446096,24
2019-06-22,2.602366295948328,24
2019-06-23,2.7391520498128608,24
2019-06-24,2.71175449354699,24
2019-06-25,2.6749696553263016,24
2019-06-26,2.643846117542058,23
2019-06-27,2.5514313191356806,24
2019-06-28,2.747366907468987,24
2019-06-29,2.7742348877376193,24
2019-06-30,2.7397039434517896,24
2019-07-01,2.6430859345227544,23
2019-07-02,2.6633284933965533,24
2019-07-03,2.6013838529170763,24
2019-07-04,2.6593582687715362,24
2019-07-05,2.843944798137833,24
2019-07-06,2.7544269794848573,24
2019-07-07,2.6878600920955327,24
2019-07-08,2.696623205972562,24
2019-07-09,2.7004169545797563,24
2019-07-10,2.6723697576628833,24
2019-07-11,2.7518889911392694,24
2019-07-12,2.7612476090970666,19
2019-07-13,2.6766775822984017,24
2019-07-14,2.6364011210693405,24
2019-07-15,2.599910601750629,24
2019-07-16,2.627851097310247,24
2019-07-17,2.678796935518699,24
2019-07-18,2.739874528515351,24
2019-07-19,2.776737728997342,24
2019-07-20,2.774432143713056,24
2019-07-21,2.793838279450764,24
2019-07-22,2.7104479152428533,24
2019-07-23,2.724550594303802,24
2019-07-24,2.6978887266273666,24
2019-07-25,2.6412467873876437,24
2019-07-26,2.618195586588445,24
2019-07-27,2.741552629197338,24
2019-07-28,2.693793089367257,24
2019-07-29,2.6769288886393308,24
2019-07-30,2.5971306367984757,24
2019-07-31,2.5796624926934912,24
2019-08-01,2.6081293772791816,24
2019-08-02,2.621913222226592,24
2019-08-03,2.688555229749027,24
2019-08-04,2.7162444508012533,24
2019-08-05,2.7863259145796646,24
2019-08-06,2.6152675325392263,24
2019-08-07,2.6426956127496335,24
2019-08-08,2.556105285243087,24
2019-08-09,2.682370007599764,24
2019-08-10,2.7259463037739993,24
2019-08-11,2.79168414924419,20
2019-08-12,2.839872730331645,24
2019-08-13,2.6815088513194705,24
2019-08-14,2.63425438177497,24
2019-08-15,2.6157245987910507,24
2019-08-16,2.6840597551066434,24
2019-08-17,2.7632952885965865,24
2019-08-18,2.721280874545288,24
2019-08-19,2.681057367410463,24
2019-08-20,2.667280298922419,24
2019-08-21,2.7255502128507594,24
2019-08-22,2.7314981731595696,24
2019-08-23,2.719284715157644,24
2019-08-24,2.7179950503454933,24
2019-08-25,2.694321938527781,24
2019-08-26,2.610177668033156,24
2019-08-27,2.7210317119607454,24
2019-08-28,2.633296446181053,24
2019-08-29,2.561838769932373,24
2019-08-30,2.810121623579346,24
2019-08-31,2.9186225923245237,24
2019-09-01,2.875385216848488,24
2019-09-02,2.6033273683115032,24
2019-09-03,2.7284481752975402,24
2019-09-04,2.775198060973932,24
2019-09-05,2.6371896027862785,24
2019-09-06,2.7669454747171014,24
2019-09-07,2.8269122111099185,24
2019-09-08,2.726794102389194,24
2019-09-09,2.727272146447114,24
2019-09-10,2.772627282831113,24
2019-09-11,2.75032746619232,24
2019-09-12,2.670288747054671,24
2019-09-13,2.676374511133337,20
2019-09-14,,11
2019-09-15,2.6805039343291988,24
2019-09-16,2.73327174710428,24
2019-09-17,2.8177622570250134,24
2019-09-18,2.7495696485677357,24
2019-09-19,2.7978059168540437,24
2019-09-20,2.914452960095923,24
2019-09-21,2.852393849508739,24
2019-09-22,2.8475580310857946,24
2019-09-23,2.956681042189893,24
2019-09-24,3.000950213476249,24
2019-09-25,3.0983499271593193,24
2019-09-26,2.9595026673700957,24
2019-09-27,2.868257994958203,24
2019-09-28,2.9874041786242858,24
2019-09-29,2.9012718476533013,24
2019-09-30,3.039155525130966,24
2019-10-01,3.0210084682585254,24
2019-10-02,2.88867443501537,24
2019-10-03,2.8938734485337303,24
2019-10-04,2.8316286886398405,24
2019-10-05,2.823233113851443,23
2019-10-06,2.8265645346936847,24
2019-10-07,2.801583568229125,24
2019-10-08,2.796433954478233,24
2019-10-09,2.8546818185605396,24
2019-10-10,2.77874031472697,24
2019-10-11,2.867974518153152,24
2019-10-12,2.904711275944857,24
2019-10-13,2.8834055387390984,24
2019-10-14,2.975706260986554,24
2019-10-15,2.834267124596398,24
2019-10-16,2.860893778497446,24
2019-10-17,2.9163864599537,24
2019-10-18,2.9444234114059165,24
2019-10-19,2.9916298179402183,24
2019-10-20,3.0612142139543086,24
2019-10-21,3.079459503122443,24
2019-10-22,3.0321110294448945,24
2019-10-23,2.9712351455666286,24
2019-10-24,2.8993038725809575,24
2019-10-25,2.9449189338883532,24
2019-10-26,2.9476631163772002,24
2019-10-27,2.9799094072349552,24
2019-10-28,2.936712756239434,24
2019-10-29,2.921393209644669,24
2019-10-30,2.9268006796638417,24
2019-10-31,2.800290054129353,24
2019-11-01,2.75749326388451,24
2019-11-02,2.86227344998863,19
2019-11-03,,0
2019-11-04,,0
2019-11-05,,0
2019-11-06,,0
2019-11-07,,0
2019-11-08,,0
2019-11-09,,0
2019-11-10,,0
2019-11-11,,0
2019-11-12,,0
2019-11-13,,0
2019-11-14,,0
2019-11-15,,0
2019-11-16,,0
2019-11-17,,0
2019-11-18,,0
2019-11-19,,0
2019-11-20,,0
2019-11-21,,0
2019-11-22,,0
2019-11-23,,0
2019-11-24,,0
2019-11-25,,0
2019-11-26,,3
2019-11-27,,7
2019-11-28,2.962323307117349,24
2019-11-29,3.0299569507117994,24
2019-11-30,3.0623723386040824,24
2019-12-01,3.0183735544066432,24
2019-12-02,2.9828904475803615,24
2019-12-03,3.066718135905583,23
2019-12-04,3.0587528539362747,24
2019-12-05,2.8258888028068365,24
2019-12-06,2.726744830152293,24
2019-12-07,3.004996486536111,24
2019-12-08,3.24357476113864,24
2019-12-09,2.9865125702951256,24
2019-12-10,3.0212313261077863,24
2019-12-11,2.980907007819251,24
2019-12-12,2.968138632020695,24
2019-12-13,2.9914873329869804,24
2019-12-14,2.90583625520698,24
2019-12-15,2.8946323688649804,24
2019-12-16,2.940714356357506,22
2019-12-17,2.904470562166521,24
2019-12-18,2.943053216024787,24
2019-12-19,2.876052796911226,24
2019-12-20,2.9386595907633684,24
2019-12-21,3.0024085768749216,24
2019-12-22,2.762669849147776,24
2019-12-23,2.843068117341571,24
2019-12-24,2.9322936848256234,24
2019-12-25,2.926873153756211,24
2019-12-26,2.831983390895377,24
2019-12-27,2.8004516834797872,23
2019-12-28,3.0087526296817084,24
2019-12-29,2.9152294703122785,24
2019-12-30,2.7787852296132782,24
2019-12-31,2.849900175417563,24
2020-01-01,3.081731326374053,24
2020-01-02,2.9360762791973927,24
2020-01-03,2.916990787942052,24
2020-01-04,2.942680000829655,24
2020-01-05,3.0523081444143285,24
2020-01-06,2.93105890953171,24
2020-01-07,2.8303980840591763,24
2020-01-08,2.886908544086656,24
2020-01-09,2.920908094804128,24
2020-01-10,2.889492642454873,24
2020-01-11,2.877448968321713,24
2020-01-12,2.8087835721935734,24
2020-01-13,2.9937417154134627,24
2020-01-14,3.040882204023194,24
2020-01-15,3.0059928188224405,24
2020-01-16,2.887069522756629,24
2020-01-17,2.7502673502105535,24
2020-01-18,2.9744327708478195,24
2020-01-19,3.0304674253464543,24
2020-01-20,2.959295257000065,24
2020-01-21,2.981047174420815,24
2020-01-22,2.906954987775487,24
2020-01-23,2.9012103149742825,24
2020-01-24,2.8732200994489014,24
2020-01-25,2.950239274922861,24
2020-01-26,2.8143322517973908,24
2020-01-27,2.8045833058716814,24
2020-01-28,2.851786512804438,24
2020-01-29,2.8167969630476657,24
2020-01-30,2.8075155358938226,24
2020-01-31,3.106937102338681,22
2020-02-01,3.2524562661115097,24
2020-02-02,,16
2020-02-03,2.8987507943803252,23
2020-02-04,2.9277519558995784,24
2020-02-05,2.973877237642066,24
2020-02-06,3.0529563879634334,24
2020-02-07,2.896147266225897,24
2020-02-08,2.854005457656787,22
2020-02-09,2.95340115736174,24
2020-02-10,3.14786608179287,24
2020-02-11,3.0433801372687084,24
2020-02-12,3.015288552449633,24
2020-02-13,2.998801107080283,24
2020-02-14,2.9166884262851616,24
2020-02-15,2.8371145436179317,24
2020-02-16,2.762094716892159,24
2020-02-17,2.796669814790252,24
2020-02-18,3.108604494342908,24
2020-02-19,3.115727373885907,24
2020-02-20,2.9303575204181036,24
2020-02-21,3.044240940668351,21
2020-02-22,3.090775354829992,24
2020-02-23,3.0057340505881545,24
2020-02-24,3.051656450768041,24
2020-02-25,3.1056876065901524,24
2020-02-26,2.8515575038933227,19
2020-02-27,3.064435556642616,23
2020-02-28,3.15260446723913,24
2020-02-29,2.8888883834860644,24
2020-03-01,2.830148070292828,24
2020-03-02,2.8967507789729257,24
2020-03-03,2.991614284877742,24
2020-03-04,2.9105948257970233,24
2020-03-05,2.8266132688329066,24
2020-03-06,2.9011487368672366,20
2020-03-07,,16
2020-03-08,2.8183896227363285,24
2020-03-09,2.8074415901050003,24
2020-03-10,2.8615769072313975,24
2020-03-11,2.8436067127933176,24
2020-03-12,2.8622599262626354,23
2020-03-13,2.8270832559500207,24
2020-03-14,,14
2020-03-15,2.842363860418474,23
2020-03-16,2.9039652430727925,24
2020-03-17,2.9135585667329873,24
2020-03-18,2.7642014132188915,24
2020-03-19,2.839586027739383,24
2020-03-20,2.779634784739139,24
2020-03-21,2.7920317650628346,19
2020-03-22,2.753333220989626,24
2020-03-23,2.7117035188500394,23
2020-03-24,2.697200094551043,24
2020-03-25,2.854731774589555,24
2020-03-26,2.7631986057786366,24
2020-03-27,2.6828148448625613,24
2020-03-28,2.729707480459091,24
2020-03-29,2.733650915308422,24
2020-03-30,2.808355042700236,24
2020-03-31,2.6622530521071868,24
2020-04-01,2.7479571578054465,20
2020-04-02,2.7886911647651096,24
2020-04-03,2.799491291456187,21
2020-04-04,2.829250272157128,24
2020-04-05,2.8378280262118474,24
2020-04-06,2.896171099743501,24
2020-04-07,2.8102756108438847,24
2020-04-08,2.8495078030313925,24
2020-04-09,2.8047423553237496,23
2020-04-10,2.9291026569632614,24
2020-04-11,2.86677365126895,24
2020-04-12,2.8180818259316545,24
2020-04-13,2.7983240086240646,24
2020-04-14,2.8033664683548523,24
2020-04-15,2.9027460000489067,24
2020-04-16,2.8801144544411175,24
2020-04-17,2.8786423223600393,24
2020-04-18,2.694191009641095,24
2020-04-19,2.790984961867294,24
2020-04-20,2.7578308783007905,24
2020-04-21,2.7331647241970187,24
2020-04-22,2.77165551347027,24
2020-04-23,2.7407284544078223,24
2020-04-24,2.769793045004722,22
2020-04-25,2.8120500930631285,24
2020-04-26,2.8842710296381315,24
2020-04-27,2.9395263730727734,24
2020-04-28,2.9208513596834793,22
2020-04-29,3.0433278220150126,24
2020-04-30,2.9062042148366025,24
2020-05-01,2.8571594404353338,24
2020-05-02,2.781342891812506,24
2020-05-03,2.74320321255693,24
2020-05-04,2.730143417583181,24
2020-05-05,2.704376615163083,23
2020-05-06,2.7327737243508996,23
2020-05-07,2.767257711587458,24
2020-05-08,2.7555577724471165,22
2020-05-09,2.7014973603653885,24
2020-05-10,2.754526727924306,23
2020-05-11,2.711632920124991,23
2020-05-12,2.649664044284371,24
2020-05-13,2.742977200246031,23
2020-05-14,2.699887084825862,24
2020-05-15,2.6902247164631232,24
2020-05-16,2.7232052008647467,24
2020-05-17,2.7087307188061773,24
2020-05-18,2.636298077925153,24
2020-05-19,2.7486559343020636,24
2020-05-20,2.7468022961814165,24
2020-05-21,2.6221533959808565,24
2020-05-22,2.6362911810197844,24
2020-05-23,2.692533114222393,24
2020-05-24,2.5772519789776185,23
2020-05-25,2.619916828810524,24
2020-05-26,2.6392869390132607,24
2020-05-27,2.574461019980779,24
2020-05-28,2.6127160516854286,24
2020-05-29,2.7025422560123946,24
2020-05-30,2.6073944541690817,24
2020-05-31,2.6127750571349067,24
2020-06-01,2.654002725039095,24
2020-06-02,2.6638705129038214,24
2020-06-03,2.676005135566472,24
2020-06-04,2.7226727326297206,23
2020-06-05,2.667701415986352,24
2020-06-06,2.6729454306556573,24
2020-06-07,2.641456018846877,24
2020-06-08,2.6760866716542724,24
2020-06-09,2.6723966374132027,24
2020-06-10,2.6878238768671676,24
2020-06-11,2.5680639878830442,24
2020-06-12,2.5997544461850026,24
2020-06-13,2.579095580439433,24
2020-06-14,2.5612346619520747,24
2020-06-15,2.6452973032983698,24
2020-06-16,2.6928260571562537,24
2020-06-17,2.6457140480543364,24
2020-06-18,2.588508930265953,24
2020-06-19,2.591456433613275,24
2020-06-20,2.6549134478652814,24
2020-06-21,2.5997035608670673,24
2020-06-22,2.6580500230180224,24
2020-06-23,2.6513339441831563,24
2020-06-24,2.6637658563116666,24
2020-06-25,2.638628949116886,23
2020-06-26,2.616853166597661,24
2020-06-27,2.554280120943096,24
2020-06-28,2.642739219409876,24
2020-06-29,2.667282313347789,24
2020-06-30,2.575476834537455,24
2020-07-01,2.6505438443333267,24
2020-07-02,2.6643698848853092,24
2020-07-03,2.6976098680997875,24
2020-07-04,2.619509117638852,24
2020-07-05,2.6567578958695703,24
2020-07-06,2.6556358512949867,24
2020-07-07,2.7351187475101715,24
2020-07-08,2.6609045112790994,24
2020-07-09,2.64625213028838,24
2020-07-10,2.6341966964732095,24
2020-07-11,2.4886453933379173,23
2020-07-12,2.6978493611945815,24
2020-07-13,2.5513689393394205,24
2020-07-14,2.514385164114766,24
2020-07-15,2.6738336639226503,24
2020-07-16,2.615197655229609,24
2020-07-17,2.6621752431593793,24
2020-07-18,2.676238488706099,24
2020-07-19,2.6902505928955107,24
2020-07-20,2.6634386762279476,24
2020-07-21,2.695523176294565,24
2020-07-22,2.6872905174714274,24
2020-07-23,2.703677603079344,24
2020-07-24,2.714886126484187,24
2020-07-25,2.747749165362112,24
2020-07-26,2.7911666152137014,24
2020-07-27,2.725718722871518,24
2020-07-28,2.7373592940919367,24
2020-07-29,2.6260000726219737,24
2020-07-30,2.5395006072236495,24
2020-07-31,2.5607195581523947,24
2020-08-01,2.514226047251283,24
2020-08-02,2.6295432956945635,24
2020-08-03,2.8084090686959597,24
2020-08-04,2.8550889087744284,24
2020-08-05,2.6699396035264256,24
2020-08-06,2.6378566892088364,24
2020-08-07,2.664004537131981,24
2020-08-08,2.719362944104629,24
2020-08-09,2.6644234540036105,24
2020-08-10,2.768030633725825,24
2020-08-11,2.602761107807187,24
2020-08-12,2.735441421517938,24
2020-08-13,2.652716221911782,24
2020-08-14,2.6398186815481774,24
2020-08-15,2.6886896645656426,24
2020-08-16,2.685598050781986,24
2020-08-17,2.6366154738099805,24
2020-08-18,2.6757220260501087,24
2020-08-19,2.6626723877864142,21
2020-08-20,2.696833621074269,24
2020-08-21,2.8448589130607336,23
2020-08-22,2.7940309728006962,24
2020-08-23,2.7760784977181725,24
2020-08-24,2.7562703466673146,24
2020-08-25,2.821751490059518,24
2020-08-26,2.7689677574356732,24
2020-08-27,2.677770844264024,24
2020-08-28,2.6464292699141927,24
2020-08-29,2.695733136748263,24
2020-08-30,2.716945975478539,24
2020-08-31,2.7567862968517236,24
2020-09-01,2.701290933707028,24
2020-09-02,2.6838989538681726,20
2020-09-03,,9
2020-09-04,2.7650952068643275,23
2020-09-05,2.768685885034752,24
2020-09-06,2.8027202887511944,24
2020-09-07,2.7097871228105275,24
2020-09-08,2.8031560891017846,24
2020-09-09,2.717053116359552,24
2020-09-10,2.7422626491035147,24
2020-09-11,2.8689832494865617,24
2020-09-12,2.7147762915704727,24
2020-09-13,2.753594917267862,24
2020-09-14,2.659406394901586,24
2020-09-15,2.7551367060240235,24
2020-09-16,2.658467673790322,23
2020-09-17,2.4818339414996826,24
2020-09-18,2.5915328152683363,24
2020-09-19,3.000028784113514,24
2020-09-20,2.967554170851259,24
2020-09-21,2.7769461991953963,24
2020-09-22,2.822696636667581,24
2020-09-23,2.7858901749596363,24
2020-09-24,2.8343025047358417,24
2020-09-25,2.737565559163164,24
2020-09-26,2.721336483926186,24
2020-09-27,2.688723748463322,20
2020-09-28,2.6554053120258976,24
2020-09-29,2.873979009343375,24
2020-09-30,2.808853715506552,24
2020-10-01,2.785914905409177,24
2020-10-02,2.836679011844221,24
2020-10-03,2.789653779089561,24
2020-10-04,2.8208748310491742,24
2020-10-05,2.7472922972665317,24
2020-10-06,2.892880554620952,24
2020-10-07,2.7410483702845982,24
2020-10-08,2.538675675076619,24
2020-10-09,2.865709268523872,24
2020-10-10,2.8252983191652565,24
2020-10-11,2.875457549226101,24
2020-10-12,2.7616933594456468,24
2020-10-13,2.6606789551168366,24
2020-10-14,2.7345191239226057,24
2020-10-15,2.977442058515701,24
2020-10-16,2.8760241403006157,24
2020-10-17,2.814635409600014,24
2020-10-18,2.995793183987079,24
2020-10-19,2.980684019651257,24
2020-10-20,3.025124509746798,24
2020-10-21,2.974215557271795,24
2020-10-22,2.906123179512111,24
2020-10-23,3.065407646051935,24
2020-10-24,3.068398906032585,24
2020-10-25,3.0178663387105775,24
2020-10-26,2.9044504242402294,24
2020-10-27,2.950016661159448,24
2020-10-28,2.9622954914314548,24
2020-10-29,2.773992074629275,24
2020-10-30,3.0167010128551213,24
2020-10-31,3.0744421346553605,24
2020-11-01,2.895429921130832,24
2020-11-02,3.0243451918241973,24
2020-11-03,3.123634052437034,24
2020-11-04,3.020136918988109,24
2020-11-05,2.970316181056073,24
2020-11-06,2.890567805338965,24
2020-11-07,2.87105678269777,24
2020-11-08,2.9657965999702154,24
2020-11-09,3.005772622699387,24
2020-11-10,2.8150819020238558,24
2020-11-11,2.6455691649116106,20
2020-11-12,,14
2020-11-13,,15
2020-11-14,2.9479099393618964,20
2020-11-15,3.0217720840817712,24
2020-11-16,3.0295933832214312,20
2020-11-17,3.115809523058748,19
2020-11-18,3.122955181679212,20
2020-11-19,2.966046492072736,18
2020-11-20,,16
2020-11-21,2.9185649812984344,19
2020-11-22,,16
2020-11-23,,11
2020-11-24,,17
2020-11-25,2.915367471480155,20
2020-11-26,2.928110001867921,18
2020-11-27,,13
2020-11-28,,10
2020-11-29,,11
2020-11-30,,12
2020-12-01,,11
2020-12-02,,11
2020-12-03,,10
2020-12-04,,7
2020-12-05,,9
2020-12-06,,8
2020-12-07,,8
2020-12-08,,9
2020-12-09,,9
2020-12-10,,8
2020-12-11,,9
2020-12-12,,8
2020-12-13,,9
2020-12-14,,7
2020-12-15,,6
2020-12-16,,8
2020-12-17,,10
2020-12-18,,8
2020-12-19,,10
2020-12-20,,10
2020-12-21,,10
2020-12-22,,9
2020-12-23,,10
2020-12-24,,9
2020-12-25,,6
2020-12-26,,10
2020-12-27,,9
2020-12-28,,8
2020-12-29,,10
2020-12-30,,9
2020-12-31,,9
2021-01-01,,9
2021-01-02,,8
2021-01-03,,9
2021-01-04,,11
2021-01-05,2.911243257520217,24
2021-01-06,2.964674758388806,21
2021-01-07,,14
2021-01-08,2.9738207835353228,20
2021-01-09,,16
2021-01-10,,9
2021-01-11,,12
2021-01-12,,13
2021-01-13,3.0463464357973202,24
2021-01-14,2.9010029049011132,24
2021-01-15,2.8825745883443155,24
2021-01-16,2.889411623580207,24
2021-01-17,2.883850681721471,24
2021-01-18,2.9129811135313015,24
2021-01-19,2.8418777224754885,24
2021-01-20,2.7448905879290932,24
2021-01-21,2.7643304101857584,24
2021-01-22,2.7556324855328875,24
2021-01-23,2.835548240270644,24
2021-01-24,2.925339454406395,24
2021-01-25,2.8174954622109265,24
2021-01-26,2.721853442354936,24
2021-01-27,2.834202873468047,24
2021-01-28,2.8369761318073308,24
2021-01-29,2.909457013894819,24
2021-01-30,2.9754520652668304,24
2021-01-31,2.833582140042924,24
2021-02-01,2.8533661604890055,24
2021-02-02,2.9084168738678464,24
2021-02-03,2.9257333568645385,24
2021-02-04,3.0045499748533495,24
2021-02-05,2.8075616920320368,24
2021-02-06,2.9049466128885633,24
2021-02-07,2.8571725920018594,24
2021-02-08,2.8437001682948826,24
2021-02-09,2.9512707727314758,24
2021-02-10,2.6970601184897838,24
2021-02-11,2.638409091110092,24
2021-02-12,2.7739072013697115,24
2021-02-13,2.892729262129982,24
2021-02-14,2.8861366450728543,24
2021-02-15,2.8341702556869377,24
2021-02-16,2.8981938549878272,24
2021-02-17,2.8305507810624624,23
2021-02-18,2.8997236288314734,24
2021-02-19,2.8782394275454943,24
2021-02-20,2.8791624173083927,24
2021-02-21,2.886778429705975,24
2021-02-22,2.8491302682770394,24
2021-02-23,2.777654774107131,24
2021-02-24,2.784356423749329,24
2021-02-25,2.7127376908037917,24
2021-02-26,2.683719366477903,24
2021-02-27,2.6977962229583445,24
2021-02-28,2.7624411251764003,24
2021-03-01,2.805097914587709,24
2021-03-02,2.7379890308285715,24
2021-03-03,2.885893684930807,24
2021-03-04,2.893666777531441,24
2021-03-05,2.896735422233242,24
2021-03-06,2.811786139657353,24
2021-03-07,2.785474060545743,20
2021-03-08,,14
2021-03-09,2.819945728980752,24
2021-03-10,2.8864245863072444,24
2021-03-11,2.855910036155049,24
2021-03-12,,12
2021-03-13,,0
2021-03-14,,12
2021-03-15,2.974638910937399,24
2021-03-16,2.8639237998038625,24
2021-03-17,2.7961312669935565,22
2021-03-18,2.7719095191400553,21
2021-03-19,2.850631105952592,18
2021-03-20,,16
2021-03-21,2.7788278783376077,23
2021-03-22,2.793046982709926,24
2021-03-23,2.9182958651304025,24
2021-03-24,2.955747705014327,24
2021-03-25,2.8915140948512805,24
2021-03-26,2.994642918424764,24
2021-03-27,2.986932760490565,24
2021-03-28,2.8665679057878575,24
2021-03-29,2.785822310478124,24
2021-03-30,2.8352041418818104,23
2021-03-31,2.745647509622147,24
2021-04-01,2.7718526605472475,21
2021-04-02,,13
2021-04-03,2.621239514455712,24
2021-04-04,2.731233954646596,23
2021-04-05,2.6974572554223326,24
2021-04-06,2.917851216081808,24
2021-04-07,2.71914053147747,24
2021-04-08,2.677421959784999,24
2021-04-09,2.796090130025895,24
2021-04-10,2.786742495529629,24
2021-04-11,2.909896196858373,24
2021-04-12,2.874207955872316,24
2021-04-13,2.7859267453053893,24
2021-04-14,2.801080139235271,24
2021-04-15,2.745454866186446,24
2021-04-16,2.792270602106741,24
2021-04-17,2.703328437768054,24
2021-04-18,2.677915311525525,24
2021-04-19,2.7262527018117715,24
2021-04-20,2.711225544662522,24
2021-04-21,2.733133337880399,23
2021-04-22,2.68607974922174,24
2021-04-23,2.72208088943185,24
2021-04-24,2.6709738861237557,24
2021-04-25,2.7192793666663526,24
2021-04-26,2.7157101272529673,24
2021-04-27,2.748609939685577,22
2021-04-28,,12
2021-04-29,,12
2021-04-30,,3
2021-05-01,2.7942692630179407,23
2021-05-02,2.816081994056832,24
2021-05-03,2.8335995332938935,24
2021-05-04,2.811202559471132,24
2021-05-05,2.783134609001604,24
2021-05-06,2.778941082817444,24
2021-05-07,2.668228836030775,24
2021-05-08,2.8069523604656053,24
2021-05-09,2.7204330187698105,24
2021-05-10,2.792062858012781,24
2021-05-11,2.8224123158852965,24
2021-05-12,2.78527112040306,24
2021-05-13,2.730283118292024,24
2021-05-14,2.776609433120447,24
2021-05-15,2.7304602225234276,24
2021-05-16,2.7232981482664926,24
2021-05-17,2.6723827467788834,24
2021-05-18,2.669237942545132,24
2021-05-19,2.5718677954275115,24
2021-05-20,2.5103844697570956,24
2021-05-21,2.6385661272667607,24
2021-05-22,2.496818266658041,24
2021-05-23,2.534037515070645,24
2021-05-24,2.617566185454246,24
2021-05-25,2.647672505981517,24
2021-05-26,2.63243318532349,24
2021-05-27,2.682206701672914,24
2021-05-28,2.713698429044192,24
2021-05-29,2.7257308123885773,24
2021-05-30,2.8007877044098213,24
2021-05-31,2.661676371586546,24
2021-06-01,2.6473918444048463,24
2021-06-02,2.6445773490542783,24
2021-06-03,2.6541816972550825,24
2021-06-04,2.5807499892082886,24
2021-06-05,2.617449633470666,24
2021-06-06,2.6011135017043925,24
2021-06-07,2.620712973802765,22
2021-06-08,2.637490351965749,24
2021-06-09,2.6506082935233795,24
2021-06-10,,10
2021-06-11,,0
2021-06-12,,0
2021-06-13,,15
2021-06-14,2.720153204092445,24
2021-06-15,,17
2021-06-16,2.6665528349285026,22
2021-06-17,2.593223269427826,18
2021-06-18,2.5575005598793736,18
2021-06-19,,14
2021-06-20,2.566819157850642,23
2021-06-21,2.532974477460022,22
2021-06-22,,12
2021-06-23,2.640169638241377,24
2021-06-24,2.454542744084745,18
2021-06-25,,0
2021-06-26,,0
2021-06-27,,0
2021-06-28,,0
2021-06-29,,0
2021-06-30,,0
2021-07-01,,0
2021-07-02,,0
2021-07-03,,0
2021-07-04,,0
2021-07-05,,0
2021-07-06,,0
2021-07-07,,0
2021-07-08,,0
2021-07-09,,0
2021-07-10,,0
2021-07-11,,0
2021-07-12,,0
2021-07-13,,0
2021-07-14,,0
2021-07-15,,0
2021-07-16,,0
2021-07-17,,0
2021-07-18,,0
2021-07-19,,0
2021-07-20,,0
2021-07-21,,0
2021-07-22,,0
2021-07-23,,0
2021-07-24,,0
2021-07-25,,0
2021-07-26,,0
2021-07-27,,0
2021-07-28,,0
2021-07-29,,0
2021-07-30,,0
2021-07-31,,0
2021-08-01,,0
2021-08-02,,0
2021-08-03,,0
2021-08-04,,0
2021-08-05,,0
2021-08-06,,0
2021-08-07,,0
2021-08-08,,0
2021-08-09,,0
2021-08-10,,0
2021-08-11,,0
2021-08-12,,0
2021-08-13,,0
2021-08-14,,0
2021-08-15,,0
2021-08-16,,0
2021-08-17,,0
2021-08-18,,0
2021-08-19,,0
2021-08-20,,0
2021-08-21,,0
2021-08-22,,0
2021-08-23,,0
2021-08-24,,0
2021-08-25,,0
2021-08-26,,0
2021-08-27,,0
2021-08-28,,0
2021-08-29,,0
2021-08-30,,0
2021-08-31,,0
2021-09-01,,0
2021-09-02,,0
2021-09-03,,0
2021-09-04,,0
2021-09-05,,0
2021-09-06,,0
2021-09-07,,10
2021-09-08,2.633307332327095,24
2021-09-09,2.7904176070516304,24
2021-09-10,2.7259431159170533,24
2021-09-11,2.757776300297959,24
2021-09-12,2.7348632786927487,24
2021-09-13,2.717059860739575,24
2021-09-14,2.6687806334922852,24
2021-09-15,2.8554722310644953,24
2021-09-16,2.92508656016359,24
2021-09-17,2.8608508312639946,21
2021-09-18,,0
2021-09-19,,13
2021-09-20,2.657409266391298,24
2021-09-21,2.7575081841012357,24
2021-09-22,2.8683105681341874,24
2021-09-23,2.7400066801499494,24
2021-09-24,2.864190364713632,24
2021-09-25,2.8283827223306837,24
2021-09-26,2.7906513250500007,24
2021-09-27,2.873915304176236,24
2021-09-28,2.834285155189014,24
2021-09-29,2.853706175798315,24
2021-09-30,2.8917411998793168,24
2021-10-01,2.7735077587931665,24
2021-10-02,2.8267955000172895,24
2021-10-03,2.7211277926541864,21
2021-10-04,2.809296426785339,23
2021-10-05,2.6685859497342284,22
2021-10-06,2.558937028042708,24
2021-10-07,2.770652561825655,24
2021-10-08,2.6578880185960814,24
2021-10-09,2.838230020115863,24
2021-10-10,3.0101394628789198,24
2021-10-11,2.940186321894487,24
2021-10-12,2.9390800325098425,24
2021-10-13,2.778835269580568,24
2021-10-14,2.8822418327984005,24
2021-10-15,3.0502834557526017,24
2021-10-16,2.9246093616031117,24
2021-10-17,2.7789119960292568,24
2021-10-18,2.801773761698847,24
2021-10-19,2.9094758290149856,24
2021-10-20,2.8213231550311755,24
2021-10-21,2.98922463349271,24
2021-10-22,2.93017923574107,24
2021-10-23,2.9245046871984868,24
2021-10-24,2.9054855645848927,24
2021-10-25,2.853686697604197,24
2021-10-26,2.9272008851965117,24
2021-10-27,2.9804948327640894,24
2021-10-28,2.864876702185291,24
2021-10-29,3.0033485954000096,24
2021-10-30,2.9805317852540822,20
2021-10-31,2.930511252789207,24
2021-11-01,2.8823318171358117,24
2021-11-02,3.0561452188269893,24
2021-11-03,3.018583935661291,24
2021-11-04,2.9154187509559932,24
2021-11-05,3.051847961951368,24
2021-11-06,3.053163790894036,24
2021-11-07,2.974402406892637,24
2021-11-08,3.0714679764935595,24
2021-11-09,2.97171595241876,24
2021-11-10,2.9665624047215537,24
2021-11-11,2.954990092614536,24
2021-11-12,2.8831590032024748,20
2021-11-13,2.998994975296493,24
2021-11-14,2.8817440437367132,24
2021-11-15,2.845973221268562,24
2021-11-16,2.979721921271651,24
2021-11-17,2.9063123587583077,24
2021-11-18,2.913774931294766,24
2021-11-19,2.8735657590454817,24
2021-11-20,3.0059172797491245,18
2021-11-21,2.9381482874378357,24
2021-11-22,2.8910560981727036,24
2021-11-23,2.914276762758152,24
2021-11-24,3.028137935834651,24
2021-11-25,2.8814730179241033,24
2021-11-26,2.880410397102239,24
2021-11-27,2.861896536850392,23
2021-11-28,2.7930447801857063,24
2021-11-29,2.7681809591985114,24
2021-11-30,2.7575143790551286,22
2021-12-01,2.9177233825838464,24
2021-12-02,3.2421993578510193,24
2021-12-03,2.9706213696075157,24
2021-12-04,2.8481512387569574,24
2021-12-05,2.9807555232667475,24
2021-12-06,2.8135421016852837,24
2021-12-07,2.964667451038724,24
2021-12-08,3.041018115904305,24
2021-12-09,2.8530675195472863,24
2021-12-10,2.9824799110755653,24
2021-12-11,3.0970034362758074,24
2021-12-12,2.918549209547698,24
2021-12-13,2.883487868914991,24
2021-12-14,3.001262531403771,24
2021-12-15,2.889610453686435,24
2021-12-16,2.847924642123189,24
2021-12-17,2.9670290742205276,24
2021-12-18,3.028438856091569,24
2021-12-19,2.9084004253177254,24
2021-12-20,2.646647058202349,22
2021-12-21,2.835938579003354,24
2021-12-22,2.9380532339151477,24
2021-12-23,3.0194494574667257,24
2021-12-24,2.995409793043861,24
2021-12-25,2.917417721508669,24
2021-12-26,2.9629588973696186,24
2021-12-27,2.7565166757149964,24
2021-12-28,2.7233271391462774,21
2021-12-29,2.8992551498321886,24
2021-12-30,3.0676087937912775,24
2021-12-31,3.113446638042163,24
2022-01-01,3.023437725779873,24
2022-01-02,2.9265155095692683,24
2022-01-03,2.8683656249054437,24
2022-01-04,2.900067299675842,24
2022-01-05,2.8425817685890626,24
2022-01-06,2.8176722894123687,24
2022-01-07,2.905618949612212,24
2022-01-08,2.899538058160621,24
2022-01-09,2.8020612734963017,24
2022-01-10,2.7812550340354942,24
2022-01-11,2.9188492806790256,24
2022-01-12,3.066270970680663,24
2022-01-13,2.973771076751549,24
2022-01-14,2.8730227750681676,24
2022-01-15,2.9008267116561424,24
2022-01-16,2.8830184221894926,24
2022-01-17,2.852252582419695,24
2022-01-18,2.819189024056737,24
2022-01-19,2.920845991966648,24
2022-01-20,2.974534965953219,24
2022-01-21,2.9792879054517525,24
2022-01-22,3.007973691494265,24
2022-01-23,2.891220982024613,24
2022-01-24,2.7868089465401815,24
2022-01-25,2.8483384777746634,24
2022-01-26,2.9480762119253847,24
2022-01-27,2.9217590724820317,24
2022-01-28,2.8864346718639595,24
2022-01-29,2.847252272946724,24
2022-01-30,2.8656753858803476,24
2022-01-31,2.9471676083774736,24
2022-02-01,3.03320881787368,24
2022-02-02,3.012421389486658,24
2022-02-03,2.9890525184784957,24
2022-02-04,3.065765548911756,24
2022-02-05,3.219774904092646,24
2022-02-06,3.122448185268697,23
2022-02-07,2.9719894411347236,24
2022-02-08,2.9221832467544933,24
2022-02-09,3.0701469865892452,24
2022-02-10,2.997501738308236,24
2022-02-11,2.9706670284103747,24
2022-02-12,2.9170171932772315,24
2022-02-13,2.8815342917675224,24
2022-02-14,2.96657965577935,24
2022-02-15,2.98950564176389,24
2022-02-16,2.9585857594283578,24
2022-02-17,2.9626653894900823,24
2022-02-18,2.9734156511741583,24
2022-02-19,2.9983268657944975,24
2022-02-20,2.9291624081645877,24
2022-02-21,2.9686637523645856,24
2022-02-22,,17
2022-02-23,3.0474647179182135,24
2022-02-24,3.085713784438402,24
2022-02-25,3.1632033654487253,24
2022-02-26,3.173108792815534,24
2022-02-27,3.1109867462017595,24
2022-02-28,3.0776823415908936,24
2022-03-01,3.023638957350572,24
2022-03-02,2.920385013141704,24
2022-03-03,2.9309510517840276,22
2022-03-04,2.9642794605063845,24
2022-03-05,2.842980004483015,24
2022-03-06,2.882343662854494,24
2022-03-07,2.8076979785506313,24
2022-03-08,2.949048553172523,24
2022-03-09,3.157547379719251,24
2022-03-10,3.097001088393414,24
2022-03-11,3.036502758945808,24
2022-03-12,3.062677323896602,24
2022-03-13,3.17010547316451,24
2022-03-14,3.142146181685423,24
2022-03-15,2.9313466190652737,24
2022-03-16,2.877741299144577,24
2022-03-17,2.7836691343432176,24
2022-03-18,2.7935633821067354,24
2022-03-19,2.717335810134753,24
2022-03-20,2.8233329805930922,24
2022-03-21,2.89643192358903,24
2022-03-22,2.7209484405623887,24
2022-03-23,2.79260638154222,24
2022-03-24,2.776278631278749,24
2022-03-25,2.8237401964719315,24
2022-03-26,2.7461453153190587,24
2022-03-27,2.733576692813431,24
2022-03-28,2.7493732342116015,24
2022-03-29,2.7697790528282855,24
2022-03-30,2.8611458813810366,24
2022-03-31,2.74107609833275,24
2022-04-01,2.7075249128083767,24
2022-04-02,2.689916484773858,22
2022-04-03,2.6357687365718268,24
2022-04-04,2.995554763197947,24
2022-04-05,2.9527987197941132,24
2022-04-06,2.9886388109411133,24
2022-04-07,2.9468586921509146,24
2022-04-08,2.94014488817288,24
2022-04-09,2.9008034988650215,24
2022-04-10,2.888211645498505,24
2022-04-11,2.7871964282119586,24
2022-04-12,2.7959984262254167,22
2022-04-13,2.751199118728256,24
2022-04-14,2.7147134151995402,24
2022-04-15,2.716128690734298,24
2022-04-16,2.7615469908362926,24
2022-04-17,2.8023535253175287,24
2022-04-18,2.8373102012367064,24
2022-04-19,2.84077824166489,24
2022-04-20,2.871976774378987,24
2022-04-21,2.9324643011526508,24
2022-04-22,2.9154290647958376,24
2022-04-23,2.887576375001439,24
2022-04-24,2.8232770977748967,24
2022-04-25,2.799413010682463,24
2022-04-26,2.7538541925169793,24
2022-04-27,2.6579628782497906,24
2022-04-28,2.712655428395512,24
2022-04-29,2.620928986468589,24
2022-04-30,2.637134461896074,24
2022-05-01,2.6982046405629907,24
2022-05-02,2.5818401298351046,24
2022-05-03,2.5129494366694685,24
2022-05-04,2.656661220359794,22
2022-05-05,2.895250894787328,24
2022-05-06,2.9385872729147,24
2022-05-07,2.974709637728443,24
2022-05-08,2.9466419827677037,22
2022-05-09,2.900057309672361,24
2022-05-10,2.798654251715085,24
2022-05-11,2.7752048773325644,24
2022-05-12,2.6918444079207497,24
2022-05-13,2.6362310002998575,24
2022-05-14,2.7090572187274167,24
2022-05-15,2.7049736363624803,24
2022-05-16,2.667277230907107,24
2022-05-17,2.640889394497684,24
2022-05-18,2.738328496700805,24
2022-05-19,2.809752374987758,24
2022-05-20,2.9040536562110226,23
2022-05-21,2.900945077968793,21
2022-05-22,,11
2022-05-23,2.738923086589907,24
2022-05-24,2.8299379484713034,24
2022-05-25,2.685080080136749,24
2022-05-26,2.5702812105589943,24
2022-05-27,2.68830711771006,23
2022-05-28,2.7740686616644634,24
2022-05-29,2.6101872519070795,24
2022-05-30,2.530741448680037,24
2022-05-31,2.6763761940314637,24
2022-06-01,2.648895895299288,24
2022-06-02,2.686578385438775,24
2022-06-03,2.7485306307719135,24
2022-06-04,2.667660184769949,24
2022-06-05,2.621973448608388,22
2022-06-06,2.6594936487783234,24
2022-06-07,2.574736256980306,24
2022-06-08,2.6144753486336465,24
2022-06-09,2.677017718119568,24
2022-06-10,2.6570487664764775,22
2022-06-11,2.6059965173375828,22
2022-06-12,2.691221374718467,24
2022-06-13,2.632485375714484,24
2022-06-14,2.776902637378721,24
2022-06-15,2.746466799736227,24
2022-06-16,2.6748816137889744,24
2022-06-17,2.7440954522663277,24
2022-06-18,2.743369065993748,24
2022-06-19,2.6749343274664246,24
2022-06-20,2.6779335027144993,24
2022-06-21,2.6983396133710604,24
2022-06-22,2.639711258116254,24
2022-06-23,2.6839275488031364,22
2022-06-24,2.6530344470867857,24
2022-06-25,2.6268562316507937,24
2022-06-26,2.8206766771675436,24
2022-06-27,2.7077173051429084,24
2022-06-28,2.671723491172151,24
2022-06-29,2.6380970307140412,24
2022-06-30,2.552251115333073,24
2022-07-01,2.5339739343294343,22
2022-07-02,2.816794474564057,21
2022-07-03,2.7036442214875396,24
2022-07-04,2.7472594473384815,24
2022-07-05,2.7830205010136764,24
2022-07-06,2.639026714238595,24
2022-07-07,2.6084455828645505,24
2022-07-08,2.705077475869657,24
2022-07-09,2.6085533677482995,24
2022-07-10,2.554090119310327,24
2022-07-11,2.5216581719927422,24
2022-07-12,2.4678731951345,24
2022-07-13,2.395420775362158,24
2022-07-14,2.7250595372655266,24
2022-07-15,2.850281695356665,23
2022-07-16,2.787581026571103,24
2022-07-17,2.810045883749095,24
2022-07-18,2.7630220077202883,24
2022-07-19,2.7897215546908884,24
2022-07-20,2.714897408454477,24
2022-07-21,2.765921090095432,22
2022-07-22,2.7880111163483354,24
2022-07-23,2.834489480364823,24
2022-07-24,2.7215302673420245,22
2022-07-25,2.8139687027121436,24
2022-07-26,2.7831367598968817,24
2022-07-27,2.742135985068691,24
2022-07-28,2.8255131498126738,24
2022-07-29,2.768532705401839,24
2022-07-30,2.755014728354888,24
2022-07-31,2.6601245887067413,24
2022-08-01,2.75753748560786,24
2022-08-02,2.8221883287211416,22
2022-08-03,2.790839863175498,24
2022-08-04,2.681307053161949,24
2022-08-05,2.6677956123134727,24
2022-08-06,2.8365516218448463,24
2022-08-07,2.782529272796325,24
2022-08-08,2.7656275656051927,22
2022-08-09,2.6300159238119494,24
2022-08-10,2.7144032985735906,24
2022-08-11,2.87556464991724,24
2022-08-12,,15
2022-08-13,2.883794415621693,24
2022-08-14,2.8377140036805573,24
2022-08-15,2.821627285727272,24
2022-08-16,2.8223233822722698,24
2022-08-17,2.842990690504688,24
2022-08-18,2.8274299462173467,24
2022-08-19,2.813666461094719,24
2022-08-20,2.7403046414500873,24
2022-08-21,2.8114290822833734,24
2022-08-22,2.8440517448398746,24
2022-08-23,2.718080168774071,24
2022-08-24,2.7560295689979313,24
2022-08-25,2.7822798621106006,22
2022-08-26,2.9040743822944584,24
2022-08-27,2.8100941515916227,22
2022-08-28,2.803300857806142,24
2022-08-29,2.890885954969474,24
2022-08-30,2.8017636008569715,24
2022-08-31,2.794028531294489,24
2022-09-01,2.9141747954555393,22
2022-09-02,2.84327848123638,24
2022-09-03,2.8072374974973124,24
2022-09-04,2.785423620013115,24
2022-09-05,2.7335181008161817,22
2022-09-06,2.7766334559062735,24
2022-09-07,2.72158279872383,21
2022-09-08,2.716677271873595,24
2022-09-09,2.8418203881631294,24
2022-09-10,2.856092440211864,24
2022-09-11,2.782545555004539,24
2022-09-12,2.8416971275380725,24
2022-09-13,2.9402022181608594,22
2022-09-14,2.8205005647571486,24
2022-09-15,2.6700555054210238,24
2022-09-16,2.814152017813402,24
2022-09-17,2.881327097202191,24
2022-09-18,2.8218375598779737,24
2022-09-19,2.691810983543587,24
2022-09-20,2.714281256650925,22
2022-09-21,2.6888876616544675,22
2022-09-22,2.7705519965952488,24
2022-09-23,2.744880914747577,24
2022-09-24,2.8340574451708673,24
2022-09-25,2.9343002132964564,24
2022-09-26,2.8680759857402207,24
2022-09-27,2.8459198060920805,24
2022-09-28,2.675180671951149,20
2022-09-29,2.8426312790880366,24
2022-09-30,,17
2022-10-01,3.0034192426835764,24
2022-10-02,2.8245849507136094,24
2022-10-03,3.002724238192271,24
2022-10-04,2.9500270525443213,22
2022-10-05,2.9408183547248585,24
2022-10-06,2.992386248832488,24
2022-10-07,2.8630587166012096,22
2022-10-08,2.896951825492907,24
2022-10-09,2.8973084358191685,24
2022-10-10,2.947290024856289,24
2022-10-11,2.918736248748931,22
2022-10-12,2.8836988998422464,24
2022-10-13,3.0906489440268428,24
2022-10-14,2.9400595832878667,24
2022-10-15,2.7337445877532036,24
2022-10-16,2.994730414408107,24
2022-10-17,2.880241511743754,24
2022-10-18,2.9183638315827642,24
2022-10-19,3.0116262289423856,24
2022-10-20,2.92674749065493,19
2022-10-21,3.0404723304186643,24
2022-10-22,3.2559960475940315,24
2022-10-23,2.9038187292170714,24
2022-10-24,2.9821770068535693,24
2022-10-25,3.033156898166984,24
2022-10-26,2.9104129234488165,24
2022-10-27,2.909497918648501,24
2022-10-28,3.0045585975494924,24
2022-10-29,3.120717520276768,24
2022-10-30,2.990286414979631,24
2022-10-31,3.049829415639695,24
2022-11-01,2.9352536739660566,24
2022-11-02,2.9256111208110913,24
2022-11-03,3.131735121160468,24
2022-11-04,3.060760142036108,24
2022-11-05,,15
2022-11-06,,0
2022-11-07,,5
2022-11-08,,6
2022-11-09,,14
2022-11-10,2.963530384571294,21
2022-11-11,3.0133162867560532,23
2022-11-12,2.987697802825329,24
2022-11-13,2.88994601865716,24
2022-11-14,2.9636107734924506,24
2022-11-15,2.8914764993726423,24
2022-11-16,2.8881053724831243,24
2022-11-17,2.9272509804310296,24
2022-11-18,2.8132048934430793,24
2022-11-19,2.854403146318835,24
2022-11-20,2.8001611798875894,24
2022-11-21,2.6635310652030326,23
2022-11-22,2.826064739105963,21
2022-11-23,2.7413982091338447,24
2022-11-24,2.858281205198903,23
2022-11-25,2.8737659236440294,24
2022-11-26,2.894423927616663,24
2022-11-27,2.8312094983479525,24
2022-11-28,2.842200085069668,24
2022-11-29,2.8614357186404695,24
2022-11-30,2.8793473501065914,24
2022-12-01,2.864066214503172,24
2022-12-02,2.9777833721095996,24
2022-12-03,2.9465634440898483,24
2022-12-04,2.8811906256745847,24
2022-12-05,3.122833612973374,24
2022-12-06,3.0475086045035735,24
2022-12-07,3.0179406885600133,24
2022-12-08,2.9524881031230588,24
2022-12-09,2.9900443544988264,24
2022-12-10,3.01763840835078,24
2022-12-11,3.0549547675639053,24
2022-12-12,3.121301826287272,24
2022-12-13,3.01291278508555,24
2022-12-14,2.9494434385916213,24
2022-12-15,2.9793628265915366,24
2022-12-16,2.9742681589095774,24
2022-12-17,3.006340933763478,24
2022-12-18,3.0657783246654997,24
2022-12-19,3.1403932972755046,24
2022-12-20,2.976504199192951,22
2022-12-21,2.9815490732868892,24
2022-12-22,2.9919804043506235,24
2022-12-23,3.108673041217143,24
2022-12-24,3.005588784342672,24
2022-12-25,2.8931253826396692,24
2022-12-26,2.8889782851557713,24
2022-12-27,2.8805326747080144,24
2022-12-28,2.888243301834683,24
2022-12-29,2.8115029770567257,24
2022-12-30,2.7407930652979497,24
2022-12-31,2.92720848141754,24
2023-01-01,2.81264101148894,24
2023-01-02,2.836918866995417,24
2023-01-03,2.8255158205756183,24
2023-01-04,2.880381557658653,24
2023-01-05,2.7875134212571324,24
2023-01-06,2.7479860351340233,24
2023-01-07,2.641514255878922,24
2023-01-08,2.7142497737862303,24
2023-01-09,2.834676315807391,24
2023-01-10,2.6946055642417206,21
2023-01-11,2.735030030324093,24
2023-01-12,2.8046886268403894,24
2023-01-13,2.7358545727402657,24
2023-01-14,2.6613445327306855,24
2023-01-15,2.667161138165211,24
2023-01-16,2.734293381535622,24
2023-01-17,2.8478503194313416,24
2023-01-18,2.948095986550438,24
2023-01-19,2.7707842326713767,24
2023-01-20,2.905357410745415,24
2023-01-21,2.902945606407131,24
2023-01-22,2.9413370718755414,24
2023-01-23,2.883778343869718,24
2023-01-24,2.8578637153247883,24
2023-01-25,3.0814501773595064,24
2023-01-26,3.0757178808357666,24
2023-01-27,2.6956066359969237,24
2023-01-28,2.9237383323969466,24
2023-01-29,3.152347566724599,24
2023-01-30,2.9144126329322133,24
2023-01-31,3.0174153192521906,24
2023-02-01,2.871940910291814,24
2023-02-02,2.8174195772268837,24
2023-02-03,2.928549713031278,24
2023-02-04,2.9144705781041873,24
2023-02-05,2.9004541387832177,24
2023-02-06,2.852170104852592,24
2023-02-07,2.809582073308931,24
2023-02-08,2.86105410942702,24
2023-02-09,2.9292429898341075,24
2023-02-10,2.875855662781748,24
2023-02-11,2.8345592409975544,24
2023-02-12,2.8715050138833527,24
2023-02-13,2.7770835963005385,24
2023-02-14,2.7558923758835543,22
2023-02-15,2.8903643487730375,24
2023-02-16,2.9855006583556847,24
2023-02-17,3.00124381264774,24
2023-02-18,2.7749149687653625,24
2023-02-19,2.858906109936322,24
2023-02-20,3.0063342554365122,24
2023-02-21,3.064356201594979,24
2023-02-22,3.011759404191412,24
2023-02-23,2.9335189696583153,24
2023-02-24,2.955226367407299,24
2023-02-25,3.076277199301681,24
2023-02-26,3.071470815069675,24
2023-02-27,2.9720738630287173,24
2023-02-28,2.9084999977951993,24
2023-03-01,2.9398221217862317,24
2023-03-02,3.0535439012128727,22
2023-03-03,3.189305138686912,24
2023-03-04,2.9283586860005837,24
2023-03-05,2.9142907638478426,24
2023-03-06,2.908140614760853,24
2023-03-07,2.94362950211492,24
2023-03-08,2.9725730571154907,18
2023-03-09,2.909262856330724,24
2023-03-10,2.9752857351531508,24
2023-03-11,2.9544840807969313,24
2023-03-12,2.8568872182042604,24
2023-03-13,2.879287819264829,24
2023-03-14,2.9754426006458856,24
2023-03-15,2.9421531933024148,24
2023-03-16,2.867485123668069,24
2023-03-17,2.9509224689727627,24
2023-03-18,2.901531313956476,24
2023-03-19,2.9091013504881067,24
2023-03-20,2.862199319733848,24
2023-03-21,2.834397595323503,24
2023-03-22,2.8181003812993137,24
2023-03-23,2.799319941281438,24
2023-03-24,2.7753130596593247,24
2023-03-25,2.802947371606526,24
2023-03-26,2.743328643301318,24
2023-03-27,2.717362776864336,24
2023-03-28,2.8086684592783318,24
2023-03-29,2.726779145238815,24
2023-03-30,2.7893090513270535,24
2023-03-31,2.80179398409584,24
2023-04-01,2.7929260111464185,24
2023-04-02,2.8031602256446133,24
2023-04-03,2.705143219330257,24
2023-04-04,2.7278234693314602,24
2023-04-05,2.7250925540635107,24
2023-04-06,2.7031434365238676,24
2023-04-07,2.647347913437281,24
2023-04-08,2.7294534137161937,24
2023-04-09,2.7922977701604816,24
2023-04-10,2.802790877763506,24
2023-04-11,2.8004337219997426,22
2023-04-12,2.7943109743203958,24
2023-04-13,,0
2023-04-14,,14
2023-04-15,2.6981687559732337,24
2023-04-16,2.7068760701071137,24
2023-04-17,2.680169425706752,24
2023-04-18,2.7974508021636106,24
2023-04-19,2.748115356497095,24
2023-04-20,2.7569043001646842,24
2023-04-21,2.741997918019116,24
2023-04-22,2.7024673372423895,24
2023-04-23,2.82773315026797,24
2023-04-24,2.6903514274670126,24
2023-04-25,2.7669582974701368,24
2023-04-26,2.830504785167332,24
2023-04-27,2.8242627294580465,24
2023-04-28,2.8485146883075765,24
2023-04-29,2.7824744931989014,24
2023-04-30,2.7486058692052118,24
2023-05-01,2.903267775876239,24
2023-05-02,3.066491244440009,24
2023-05-03,2.9325332862995186,24
2023-05-04,2.8031698887606566,24
2023-05-05,2.8292905180682153,24
2023-05-06,2.7996134570877995,24
2023-05-07,2.805290765722335,23
2023-05-08,,16
2023-05-09,2.7585443073543767,24
2023-05-10,2.691619642861145,24
2023-05-11,2.6908672755607075,24
2023-05-12,2.7671998830262248,24
2023-05-13,2.78251549103255,24
2023-05-14,2.8574276671196452,24
2023-05-15,2.7696024971356734,24
2023-05-16,2.7016772135161,24
2023-05-17,2.743282642953185,24
2023-05-18,2.6964795483711943,24
2023-05-19,2.5742545134206702,24
2023-05-20,2.6235031813462064,24
2023-05-21,2.7636002686333665,24
2023-05-22,2.621593240766461,24
2023-05-23,2.5465272861071884,24
2023-05-24,2.6088675710937212,24
2023-05-25,2.607958885413167,24
2023-05-26,2.5178449141123473,24
2023-05-27,2.5679324075653285,24
2023-05-28,2.5678408742429255,24
2023-05-29,2.666829144355618,24
2023-05-30,2.6612744055474646,23
2023-05-31,2.6671723261339655,24
2023-06-01,2.6402537262933854,24
2023-06-02,2.6213973156744474,24
2023-06-03,2.6485789529562993,24
2023-06-04,2.618767633885802,24
2023-06-05,2.6215988748079133,24
2023-06-06,2.7115920462860363,24
2023-06-07,2.7893820159392395,24
2023-06-08,2.7188499142090903,24
2023-06-09,2.7247692720658216,24
2023-06-10,2.71783095103979,24
2023-06-11,2.640194443288123,24
2023-06-12,2.698552195739145,24
2023-06-13,2.7341590796937854,24
2023-06-14,2.6831506939643197,24
2023-06-15,2.632031850429794,24
2023-06-16,2.6889255298647234,24
2023-06-17,2.732095311544863,24
2023-06-18,2.63651384031359,24
2023-06-19,2.5322385909075416,24
2023-06-20,2.7169473259088113,24
2023-06-21,2.6153261434447814,24
2023-06-22,2.5970232397772572,24
2023-06-23,2.607900811935071,24
2023-06-24,2.603873308323284,24
2023-06-25,2.549644344413522,24
2023-06-26,2.579670731464215,24
2023-06-27,2.5367086138402395,24
2023-06-28,2.6766650367177047,24
2023-06-29,2.6828659328827174,24
2023-06-30,2.6727683153524855,24
2023-07-01,2.7314237172341573,24
2023-07-02,2.6001074575272667,24
2023-07-03,2.713559911769894,24
2023-07-04,2.733579475051246,24
2023-07-05,2.661277607862771,24
2023-07-06,2.6487615484267817,24
2023-07-07,2.6983559783341873,24
2023-07-08,2.662465779839159,24
2023-07-09,2.644620891972621,24
2023-07-10,2.632604749683075,24
2023-07-11,2.7003403889608486,24
2023-07-12,2.5920744942982608,24
2023-07-13,2.6297379636506046,24
2023-07-14,2.5325421779117607,24
2023-07-15,2.4579477982543283,24
2023-07-16,2.4735987490309364,24
2023-07-17,2.4556643616460696,24
2023-07-18,2.443417174384633,24
2023-07-19,2.537277372403507,24
2023-07-20,2.499341597067689,24
2023-07-21,2.6368661053435463,24
2023-07-22,2.641342933387149,24
2023-07-23,2.6584534734915723,24
2023-07-24,2.634056998345243,24
2023-07-25,2.689629540497308,24
2023-07-26,2.6536397455675713,24
2023-07-27,2.605669940493463,24
2023-07-28,2.4835205798791575,24
2023-07-29,2.723683278542415,24
2023-07-30,2.715237992531365,24
2023-07-31,2.74495310970661,24
2023-08-01,2.759182519578713,24
2023-08-02,2.726041726159848,24
2023-08-03,2.7295550342571775,24
2023-08-04,2.77761633551347,24
2023-08-05,2.7083728289251603,24
2023-08-06,2.6545135578045542,24
2023-08-07,2.656545532317643,24
2023-08-08,2.7100823499191042,24
2023-08-09,2.6712682783189745,24
2023-08-10,2.62173363520398,24
2023-08-11,2.603776663760485,24
2023-08-12,2.631732551413459,24
2023-08-13,2.622790332587649,24
2023-08-14,2.6048513230495614,24
2023-08-15,2.5615664421609385,24
2023-08-16,2.551443449895932,24
2023-08-17,2.6274675886650676,24
2023-08-18,2.551157406961695,24
2023-08-19,2.618897282612372,24
2023-08-20,2.7129800177221335,24
2023-08-21,2.6982426545832894,24
2023-08-22,2.671114651808455,24
2023-08-23,2.7075040489132034,24
2023-08-24,2.725208484503148,24
2023-08-25,2.6757430877661568,24
2023-08-26,2.707959655265878,24
2023-08-27,2.5969390978361924,24
2023-08-28,2.6708461646707837,24
2023-08-29,2.670289420005626,24
2023-08-30,2.666244462411987,24
2023-08-31,2.7295849532896095,24
2023-09-01,2.6868737754046563,24
2023-09-02,2.617390882616638,24
2023-09-03,2.788417592235997,24
2023-09-04,2.8559479507323147,24
2023-09-05,2.846413322533577,24
2023-09-06,2.7800565041043783,24
2023-09-07,2.8214293005257196,24
2023-09-08,2.7663524160906663,24
2023-09-09,2.7831172647840563,24
2023-09-10,2.799537596657433,24
2023-09-11,2.6768099878392384,24
2023-09-12,2.855761733207206,24
2023-09-13,2.7914001712149354,23
2023-09-14,2.7041394731800033,24
2023-09-15,2.780274519840211,24
2023-09-16,2.7960822332176805,24
2023-09-17,2.874137336843583,24
2023-09-18,2.8836774568464514,24
2023-09-19,2.7472998852480344,24
2023-09-20,2.8881676387592674,24
2023-09-21,2.8479115744953356,24
2023-09-22,2.7691770953778487,24
2023-09-23,2.808652181216939,24
2023-09-24,2.707394790014923,24
2023-09-25,2.682839365996714,24
2023-09-26,2.6821496694073406,24
2023-09-27,2.787845131263824,24
2023-09-28,3.0394612217201296,24
2023-09-29,2.9175363768992466,24
2023-09-30,2.8443497221708145,24
2023-10-01,2.797137620469387,24
2023-10-02,2.8934033970650455,24
2023-10-03,2.817184331570352,24
2023-10-04,2.9265997485977473,24
2023-10-05,2.8798461306632883,24
2023-10-06,2.87228376178815,24
2023-10-07,2.824225757734708,24
2023-10-08,2.794376614409063,24
2023-10-09,2.750599927995144,24
2023-10-10,2.8461477931331864,24
2023-10-11,2.9093972529053196,24
2023-10-12,2.8900190225310887,24
2023-10-13,2.7754888070318255,24
2023-10-14,2.8046404526461846,24
2023-10-15,2.80533287383699,24
2023-10-16,2.786559434111372,24
2023-10-17,2.8902659721331863,24
2023-10-18,2.8457363971858634,24
2023-10-19,2.810834133900032,24
2023-10-20,2.867990009609459,24
2023-10-21,2.929545164739985,24
2023-10-22,2.868940101244493,24
2023-10-23,2.826921471725838,24
2023-10-24,2.796147860737821,24
2023-10-25,2.825723105852467,24
2023-10-26,2.845174159959365,24
2023-10-27,2.9350216014795505,24
2023-10-28,2.8836612878984385,24
2023-10-29,2.8688744912443895,24
2023-10-30,2.872515294210781,23
2023-10-31,2.8940431297005635,24
2023-11-01,2.8884514659133456,24
2023-11-02,2.8492881304779827,24
2023-11-03,2.830853692763462,24
2023-11-04,2.9161803245451674,24
2023-11-05,2.8426797592795223,24
2023-11-06,2.8186069060170436,24
2023-11-07,2.8484815906167027,24
2023-11-08,2.800333406061508,24
2023-11-09,2.7395591720925743,24
2023-11-10,2.7618675447794896,24
2023-11-11,2.7758980499623127,24
2023-11-12,2.880135943768071,24
2023-11-13,2.890235083292892,24
2023-11-14,2.9017055648331924,24
2023-11-15,2.757303845396356,24
2023-11-16,2.8987069109725536,24
2023-11-17,2.923212868106182,24
2023-11-18,3.0141149495691986,24
2023-11-19,2.9533701813643702,24
2023-11-20,3.026918786573802,24
2023-11-21,3.099477362615836,24
2023-11-22,2.9903095825403185,24
2023-11-23,2.9480264366352,24
2023-11-24,2.9464103615799853,24
2023-11-25,2.924005965617286,24
2023-11-26,2.8959383371179124,24
2023-11-27,2.823341246506893,24
2023-11-28,2.9941441586844255,22
2023-11-29,2.897737451316013,24
2023-11-30,2.915872560479426,24
2023-12-01,2.867274411472049,24
2023-12-02,2.9745457196772,24
2023-12-03,2.863762616712688,24
2023-12-04,2.8969556722162073,24
2023-12-05,2.908590328154762,24
2023-12-06,2.9287918308837666,24
2023-12-07,2.8989413468808864,24
2023-12-08,2.97370465696844,24
2023-12-09,2.8296474650568193,21
2023-12-10,2.8173379544203643,24
2023-12-11,2.8146611951661678,24
2023-12-12,2.8696081728452834,24
2023-12-13,2.8397756725244254,23
2023-12-14,,9
2023-12-15,,14
2023-12-16,,15
2023-12-17,2.9365087358787276,24
2023-12-18,2.9583340318634144,24
2023-12-19,2.809351941871481,24
2023-12-20,2.813327892190856,24
2023-12-21,2.918119071756799,24
2023-12-22,2.899234551272797,24
2023-12-23,2.834314293001346,24
2023-12-24,2.822624200828685,24
2023-12-25,2.923205708476288,24
2023-12-26,3.042869855096255,24
2023-12-27,2.9071237175102445,24
2023-12-28,2.8747664703915192,24
2023-12-29,2.8472777669746803,24
2023-12-30,2.917667843541675,24
2023-12-31,2.843147355009488,24
2024-01-01,2.879040263584329,24
2024-01-02,2.875189085756212,24
2024-01-03,2.7861973925160206,24
2024-01-04,2.896214740434869,23
2024-01-05,3.007402222886944,24
2024-01-06,2.8490894222677907,24
2024-01-07,2.86366352625345,24
2024-01-08,2.94952751944081,24
2024-01-09,2.892215347654932,24
2024-01-10,2.8431527421270792,24
2024-01-11,2.9313690996410173,24
2024-01-12,2.980054120987903,24
2024-01-13,2.9814736399889785,24
2024-01-14,2.883311202602742,24
2024-01-15,2.8616555042854213,24
2024-01-16,2.931960257659103,24
2024-01-17,3.0423213275885708,24
2024-01-18,2.843153673970862,24
2024-01-19,2.845676317716032,24
2024-01-20,2.925042536095956,24
2024-01-21,2.825196814131463,24
2024-01-22,2.88180750734931,24
2024-01-23,2.9515012438301977,24
2024-01-24,2.927486512202409,24
2024-01-25,2.9702274254023084,24
2024-01-26,2.9593865001368638,24
2024-01-27,2.9405838859854723,24
2024-01-28,3.0286186247780793,24
2024-01-29,3.034629384569295,24
2024-01-30,2.9092808563220305,24
2024-01-31,2.887058720571325,24
2024-02-01,2.875289885236581,24
2024-02-02,2.795970234676559,24
2024-02-03,2.814141572334845,24
2024-02-04,2.7602264829004244,24
2024-02-05,2.6758030257685177,24
2024-02-06,2.6954656761503792,24
2024-02-07,2.746804309201914,24
2024-02-08,2.776843280371252,24
2024-02-09,2.8327431660125275,24
2024-02-10,2.964613449625072,24
2024-02-11,3.1278109062900734,24
2024-02-12,3.083153371225928,24
2024-02-13,3.0445582147876986,24
2024-02-14,3.0339047065594613,24
2024-02-15,2.960885480793876,24
2024-02-16,3.0155493865228484,24
2024-02-17,3.1288150109829966,24
2024-02-18,2.8630304605426566,24
2024-02-19,2.7959768061036825,24
2024-02-20,2.7788471981728065,24
2024-02-21,2.801814462976346,24
2024-02-22,2.785829459122974,24
2024-02-23,2.7692466844030896,24
2024-02-24,2.7797511174760423,24
2024-02-25,2.891163893675708,24
2024-02-26,2.9651323243056873,24
2024-02-27,2.999987645825977,24
2024-02-28,3.077029783611565,24
2024-02-29,3.099783012986329,24
2024-03-01,2.9251742803585365,24
2024-03-02,3.0964406239002966,24
2024-03-03,3.162319797818187,24
2024-03-04,3.030411708861443,24
2024-03-05,2.834137032137919,24
2024-03-06,2.815450774761806,24
2024-03-07,2.8591246896507156,24
2024-03-08,2.8404644413121094,24
2024-03-09,3.0083115463184242,24
2024-03-10,3.003202563297377,22
2024-03-11,2.9167268768284815,24
2024-03-12,2.9539761953146813,24
2024-03-13,2.969152933369163,24
2024-03-14,2.966229225215986,24
2024-03-15,2.9269545526095415,24
2024-03-16,2.884506165531221,24
2024-03-17,2.8432124723345424,24
2024-03-18,2.8598303646286087,24
2024-03-19,2.9486388732266895,24
2024-03-20,2.7815786703419345,24
2024-03-21,2.8715748871379905,24
2024-03-22,2.844407888919881,24
2024-03-23,2.8956383566129666,24
2024-03-24,2.855663352072272,24
2024-03-25,2.8500058251419085,24
2024-03-26,2.881055107459125,24
2024-03-27,2.8496884203467783,24
2024-03-28,2.8450328011259836,24
2024-03-29,2.7648992486615267,24
2024-03-30,2.8059506712812357,24
2024-03-31,2.7615739716426426,24
2024-04-01,2.75631556964243,24
2024-04-02,2.8368089455064527,24
2024-04-03,2.716007503980961,24
2024-04-04,2.748528359163013,23
2024-04-05,2.7401584476940783,24
2024-04-06,2.7738164139199877,24
2024-04-07,2.76047520105984,24
2024-04-08,2.822802085665373,24
2024-04-09,2.7203192885506593,24
2024-04-10,2.9671634856986855,24
2024-04-11,3.0682375323455693,24
2024-04-12,2.9099678007440377,24
2024-04-13,2.9117034755581033,24
2024-04-14,2.894069290538662,24
2024-04-15,2.84632152567916,24
2024-04-16,2.8093822192187914,24
2024-04-17,2.790381281318831,24
2024-04-18,2.693572079220812,24
2024-04-19,2.735846075709402,24
2024-04-20,2.718977791447722,24
2024-04-21,2.6881364040836155,24
2024-04-22,2.7467968795021322,24
2024-04-23,2.760888372294919,24
2024-04-24,2.7315046249158392,24
2024-04-25,2.7770419106590083,24
2024-04-26,2.7590015466763314,24
2024-04-27,2.7427205970928124,24
2024-04-28,2.806054272279278,24
2024-04-29,2.756491983480075,24
2024-04-30,2.7491827630034393,24
2024-05-01,2.738400175614831,24
2024-05-02,2.776509755079838,23
2024-05-03,2.690963035242491,24
2024-05-04,2.710837162677996,24
2024-05-05,2.6967758334670737,24
2024-05-06,2.7984828657894973,24
2024-05-07,2.7868242758587787,24
2024-05-08,2.723998217101206,24
2024-05-09,2.887495721834954,24
2024-05-10,2.9163085381761573,24
2024-05-11,2.7213065015946163,24
2024-05-12,2.689066501535952,24
2024-05-13,2.791909222599481,24
2024-05-14,2.6872939895950236,24
2024-05-15,2.798164876494234,24
2024-05-16,2.7344796040249073,24
2024-05-17,2.788953485172491,24
2024-05-18,2.681876483266769,24
2024-05-19,2.8391961829625716,24
2024-05-20,2.7680586567034666,24
2024-05-21,2.8142997407879626,24
2024-05-22,2.654584623941793,24
2024-05-23,2.7479479586430706,24
2024-05-24,2.7683185753762305,24
2024-05-25,2.7997028724957476,24
2024-05-26,2.7731091830141894,24
2024-05-27,2.682868687386595,24
2024-05-28,2.7303741041907945,24
2024-05-29,2.634391323454295,24
2024-05-30,2.68995095930343,24
2024-05-31,2.632240620908878,24
2024-06-01,2.7227831907835496,24
2024-06-02,2.6679028938614526,24
2024-06-03,2.6871529550734197,24
2024-06-04,2.766901075272381,24
2024-06-05,2.73393709672259,24
2024-06-06,2.630020909924945,24
2024-06-07,2.6570157651632957,24
2024-06-08,2.7188800927404606,24
2024-06-09,2.744045614246656,24
2024-06-10,2.753682713408797,24
2024-06-11,2.715799700635216,24
2024-06-12,2.6561899496031023,24
2024-06-13,2.5746275006602577,24
2024-06-14,2.5655129386325664,24
2024-06-15,2.6331115762922206,24
2024-06-16,2.6272518225541424,24
2024-06-17,2.5860190825027467,24
2024-06-18,2.5370343658569143,24
2024-06-19,2.607849483048399,24
2024-06-20,2.462771386947211,24
2024-06-21,2.478095350335423,24
2024-06-22,2.5423094326338913,24
2024-06-23,2.6138753566881894,24
2024-06-24,2.777298754136364,24
2024-06-25,2.7466620199016964,24
2024-06-26,2.744631185142699,24
2024-06-27,2.7337879218368597,24
2024-06-28,2.71742693975475,24
2024-06-29,2.732085230678915,24
2024-06-30,2.6820956359684436,24
2024-07-01,2.5073292112413132,24
2024-07-02,2.664772785678357,24
2024-07-03,2.774894185947987,22
2024-07-04,2.6886141493200517,24
2024-07-05,2.6340189197930215,24
2024-07-06,2.5949543488870614,24
2024-07-07,2.6978301874139783,24
2024-07-08,2.717973925596482,24
2024-07-09,2.742879165856189,24
2024-07-10,2.6884676300330885,24
2024-07-11,2.6135826895152587,24
2024-07-12,2.60491190142329,24
2024-07-13,2.5758450470849326,24
2024-07-14,2.699301270003283,24
2024-07-15,2.574885118732132,24
2024-07-16,2.7037606209128198,22
2024-07-17,2.755533384887167,24
2024-07-18,2.7226389508946744,24
2024-07-19,2.7894023353722526,24
2024-07-20,2.7600910400961993,24
2024-07-21,2.7142618170886337,24
2024-07-22,2.7095716558943668,24
2024-07-23,2.8076707229962325,24
2024-07-24,2.7297662769759694,24
2024-07-25,2.80228669994161,24
2024-07-26,2.7932390954430657,24
2024-07-27,2.8281732830112114,24
2024-07-28,2.836398522636915,24
2024-07-29,2.8385412822279066,24
2024-07-30,2.747562857505493,24
2024-07-31,2.82753096021834,24
2024-08-01,2.7771410514960233,24
2024-08-02,2.687014022253726,24
2024-08-03,2.7743247375875546,24
2024-08-04,2.7169651697986015,22
2024-08-05,2.599986705802502,24
2024-08-06,2.730833200756288,24
2024-08-07,2.747155959648273,24
2024-08-08,2.7257092138935173,24
2024-08-09,2.827205144499041,24
2024-08-10,2.7558266641792057,24
2024-08-11,2.753866580993765,24
2024-08-12,2.792358416754083,24
2024-08-13,2.7709961422988507,24
2024-08-14,2.7865549913693552,24
2024-08-15,2.7862760640928603,24
2024-08-16,2.7782409909024937,24
2024-08-17,2.7872617414875585,24
2024-08-18,2.798677628615196,24
2024-08-19,2.8239668718388384,24
2024-08-20,2.8175584671108314,24
2024-08-21,2.740908557466034,24
2024-08-22,2.8185794011478658,24
2024-08-23,2.8934285109697004,24
2024-08-24,2.7118407695374116,24
2024-08-25,2.7391964878015966,24
2024-08-26,2.6906806697617047,24
2024-08-27,2.7663458702160666,24
2024-08-28,2.755718480709634,24
2024-08-29,2.6575983740719304,24
2024-08-30,2.7669282613837387,24
2024-08-31,2.6772273845017263,24
2024-09-01,2.600085149255902,24
2024-09-02,2.788226554598657,24
2024-09-03,2.7817439946165976,24
2024-09-04,2.6384887723218466,24
2024-09-05,2.637312267200737,24
2024-09-06,2.659466416810801,24
2024-09-07,2.8034625758901934,24
2024-09-08,2.813271701999204,23
2024-09-09,2.6961933697330402,24
2024-09-10,2.7891258123388174,24
2024-09-11,2.707967237999531,24
2024-09-12,2.7040708661304578,24
2024-09-13,2.6829550804958706,24
2024-09-14,2.6112456709761425,24
2024-09-15,2.5797905552079228,24
2024-09-16,2.5660462700414888,24
2024-09-17,2.5432314691929996,24
2024-09-18,2.536182307304491,24
2024-09-19,2.612436658957113,24
2024-09-20,2.7981509744514064,24
2024-09-21,2.8605286681475386,24
2024-09-22,2.9268862343952575,24
2024-09-23,2.941389169997822,24
2024-09-24,2.8901640534955355,24
2024-09-25,2.798815029584145,24
2024-09-26,2.829109507469609,24
2024-09-27,2.776253975581446,24
2024-09-28,2.8792598344598,24
2024-09-29,2.8219227579658224,24
2024-09-30,2.7870184644756644,24
2024-10-01,2.7757279362556,24
2024-10-02,2.8152812376740526,24
2024-10-03,2.8825769830086756,24
2024-10-04,2.8874374500049362,24
2024-10-05,2.974069217055365,24
2024-10-06,2.9971239092187654,24
2024-10-07,2.9179874550081006,24
2024-10-08,3.0259338225942343,24
2024-10-09,2.871040150978096,24
2024-10-10,2.8909619872452845,24
2024-10-11,2.985143700233424,24
2024-10-12,2.8752561783183697,24
2024-10-13,2.8737580056491936,24
2024-10-14,2.9391432162946414,24
2024-10-15,2.860837343581758,24
2024-10-16,2.8213005813396963,24
2024-10-17,2.873981667925086,24
2024-10-18,2.94453588129736,24
2024-10-19,2.761407457098553,24
2024-10-20,2.954261537122519,24
2024-10-21,2.8662288474035296,24
2024-10-22,2.847182358237461,24
2024-10-23,2.781766956022829,24
2024-10-24,2.9258286970265184,24
2024-10-25,2.9448508904972512,24
2024-10-26,2.6213537822167225,24
2024-10-27,2.712444317730758,24
2024-10-28,2.8497700302605757,24
2024-10-29,2.8707993843144757,24
2024-10-30,2.913724083999515,24
2024-10-31,2.7655477440463616,24
2024-11-01,2.778835225273769,24
2024-11-02,2.755141642378159,24
2024-11-03,2.904030178977016,18
2024-11-04,,6
2024-11-05,2.8146407221536087,24
2024-11-06,2.9248690929400563,24
2024-11-07,2.9716296923510184,23
2024-11-08,3.003262758586592,24
2024-11-09,2.9515191099518,24
2024-11-10,3.0389321585033606,24
2024-11-11,2.958527494822332,24
2024-11-12,2.988442294923056,24
2024-11-13,2.882568513937767,24
2024-11-14,2.971214731870762,24
2024-11-15,3.044178325620357,24
2024-11-16,2.9604380314864778,24
2024-11-17,2.98053819353239,24
2024-11-18,3.0416742395171634,24
2024-11-19,3.068596039335342,24
2024-11-20,2.868763173974367,24
2024-11-21,2.9710214022541845,24
2024-11-22,3.0999800052090043,24
2024-11-23,3.028278292714636,24
2024-11-24,3.081486551402767,24
2024-11-25,3.0782975908699037,24
2024-11-26,3.1121343291950776,24
2024-11-27,3.1608807496137574,24
2024-11-28,3.07877906077715,24
2024-11-29,2.965928654067737,24
2024-11-30,2.996041694285271,24
2024-12-01,2.861507099017483,24
2024-12-02,2.8656392043335153,24
2024-12-03,2.8576816207869506,23
2024-12-04,2.809170790875556,24
2024-12-05,2.749711231958126,24
2024-12-06,2.779790184603164,24
2024-12-07,2.807096231735246,24
2024-12-08,2.8814512950410784,24
2024-12-09,2.9348130231113,24
2024-12-10,2.8787236183339067,24
2024-12-11,2.748588847658393,24
2024-12-12,2.876682222846641,24
2024-12-13,2.975114572527668,24
2024-12-14,2.864860737026329,24
2024-12-15,2.889365280735286,24
2024-12-16,2.8728001181276976,24
2024-12-17,2.9339139052990295,24
2024-12-18,2.8935890660997243,24
2024-12-19,2.9071109838324123,24
2024-12-20,3.0160407672880774,24
2024-12-21,2.9576613485916345,24
2024-12-22,2.824970445349888,24
2024-12-23,2.856121985568818,24
2024-12-24,2.744117608583794,24
2024-12-25,2.7723766758008423,24
2024-12-26,2.865319696005492,24
2024-12-27,2.924888227335595,24
2024-12-28,2.8907597464295933,24
2024-12-29,2.9767457201677563,24
2024-12-30,3.030667072131858,24
2024-12-31,2.7742988395099784,24
2025-01-01,2.727593386422071,24
2025-01-02,2.9178243752362207,24
2025-01-03,2.7990739009294225,24
2025-01-04,2.862816405835696,24
2025-01-05,2.9416454187803254,24
2025-01-06,2.8417847790671478,24
2025-01-07,2.945534466187584,24
2025-01-08,2.8613358718577717,24
2025-01-09,2.9510884876827452,24
2025-01-10,2.80857808190837,24
2025-01-11,2.9929758605387766,24
2025-01-12,2.865159458989515,24
2025-01-13,2.918784883896871,24
2025-01-14,2.869015436561452,24
2025-01-15,2.7124454611562068,24
2025-01-16,2.957190612592972,24
2025-01-17,3.044844129888115,24
2025-01-18,3.0027871667810953,24
2025-01-19,2.818433711211341,24
2025-01-20,2.9612161836879687,24
2025-01-21,2.9081263530461117,24
2025-01-22,2.9036987840658277,24
2025-01-23,2.8190720460707146,24
2025-01-24,2.7689730954689127,24
2025-01-25,2.827938665065192,24
2025-01-26,2.7627511344674964,24
2025-01-27,2.90181279227812,24
2025-01-28,3.1016032343084134,24
2025-01-29,2.8601299778301237,24
2025-01-30,2.8369115598876244,24
2025-01-31,2.863116922191839,24
2025-02-01,2.7921015188480247,24
2025-02-02,2.84501115021034,24
2025-02-03,2.823110545596834,24
2025-02-04,2.9791619708564303,23
2025-02-05,3.0555546856792564,24
2025-02-06,2.8708829291463545,24
2025-02-07,2.8327402763631326,24
2025-02-08,2.8632868974557173,24
2025-02-09,2.9329640150145266,24
2025-02-10,2.8958290283688264,24
2025-02-11,2.808274084189605,24
2025-02-12,2.8061990326886965,24
2025-02-13,2.8330568565095025,24
2025-02-14,2.835248735792966,23
2025-02-15,2.825410998513784,24
2025-02-16,2.875130420233356,24
2025-02-17,2.9679753663595116,24
2025-02-18,2.9554629692868457,24
2025-02-19,2.8946119538427406,24
2025-02-20,2.9167767269432825,24
2025-02-21,2.9005609821653735,24
2025-02-22,2.844127038529797,24
2025-02-23,2.8627994396459453,24
2025-02-24,2.9461614059142867,24
2025-02-25,2.968711485044844,24
2025-02-26,2.79686753350872,24
2025-02-27,2.9863346993872133,24
2025-02-28,2.9989435325305527,24
2025-03-01,2.9763359654539747,24
2025-03-02,2.8953451928458964,24
2025-03-03,2.8784802946097643,24
2025-03-04,2.8256447925902255,24
2025-03-05,2.7863444486343822,24
2025-03-06,2.8596299073436144,24
2025-03-07,2.7580327945135235,24
2025-03-08,2.8456002902974937,24
2025-03-09,2.958553309181789,24
2025-03-10,2.9556881172763867,24
2025-03-11,3.0068273132505188,23
2025-03-12,2.9298158243101255,24
2025-03-13,2.936576618510948,24
2025-03-14,2.827616563173633,24
2025-03-15,2.8608040433731112,24
2025-03-16,2.768345397334518,24
2025-03-17,2.8120444239392897,24
2025-03-18,2.9915148566486844,24
2025-03-19,3.0335132510379363,24
2025-03-20,2.9701510652766245,24
2025-03-21,2.931877514632054,24
2025-03-22,2.9644205221808426,24
2025-03-23,3.0210301508732784,24
2025-03-24,2.893188387347414,24
2025-03-25,2.8996535443495577,24
2025-03-26,2.8675689065916004,24
2025-03-27,2.81578627976187,24
2025-03-28,2.7581411472593307,24
2025-03-29,2.763530608596297,24
2025-03-30,2.8486201850524493,24
2025-03-31,2.8165046190651344,24
2025-04-01,2.8608851911390403,24
2025-04-02,3.012842301872149,24
2025-04-03,3.2073969509106437,23
2025-04-04,3.154499870631367,24
2025-04-05,3.002432189236476,24
2025-04-06,2.8495290653683423,24
2025-04-07,2.997346268756713,24
2025-04-08,2.926622690789788,24
2025-04-09,2.8388530659859486,24
2025-04-10,2.739847377887703,24
2025-04-11,2.768671659901399,24
2025-04-12,2.717577821839336,24
2025-04-13,2.7069197209334472,24
2025-04-14,2.735790790470253,24
2025-04-15,2.840190031387018,24
2025-04-16,2.937728906812546,24
2025-04-17,2.7023730394464804,24
2025-04-18,2.7625380847708594,24
2025-04-19,2.723576561998142,24
2025-04-20,2.773000904709962,24
2025-04-21,2.733778762840991,24
2025-04-22,2.7850650778719244,24
2025-04-23,2.608834120114596,24
2025-04-24,2.6854483390564163,24
2025-04-25,2.6537399574094884,24
2025-04-26,2.7761022022475617,24
2025-04-27,2.6966009395222095,24
2025-04-28,2.729852419660152,24
2025-04-29,2.7201108528783027,24
2025-04-30,2.7991347026373607,24
2025-05-01,2.859564127290326,24
2025-05-02,2.740070824477186,24
2025-05-03,2.7679351937545955,24
2025-05-04,2.7207939134826353,24
2025-05-05,2.714323331229281,24
2025-05-06,2.6527010404661473,23
2025-05-07,2.701424841567754,24
2025-05-08,2.6993274902709006,24
2025-05-09,2.6768752204429016,24
2025-05-10,2.642656225972718,24
2025-05-11,2.5965502293914184,24
2025-05-12,2.6510637641207486,24
2025-05-13,2.7072748141040437,24
2025-05-14,2.807261211844589,24
2025-05-15,2.797785798179541,24
2025-05-16,2.7498442695473315,24
2025-05-17,2.7941182114261713,24
2025-05-18,2.732450483950095,24
2025-05-19,2.766794391519014,24
2025-05-20,2.695334142047666,24
2025-05-21,2.6821385837629355,24
2025-05-22,2.6548947919913215,24
2025-05-23,2.6810243969296357,24
2025-05-24,2.703480559238352,24
2025-05-25,2.731754178006319,24
2025-05-26,2.735814958584244,24
2025-05-27,2.758641178997174,24
2025-05-28,2.771172011700114,24
2025-05-29,2.846584181549769,24
2025-05-30,2.8477457814794516,24
2025-05-31,2.8359842245141675,24
2025-06-01,2.851214842120515,24
2025-06-02,2.7273842174567964,24
2025-06-03,2.6261688275192863,24
2025-06-04,2.683145442157895,24
2025-06-05,2.680903029211306,24
2025-06-06,2.6378082304960153,24
2025-06-07,2.6378757928744867,24
2025-06-08,2.62469353591095,24
2025-06-09,2.6647792292863217,24
2025-06-10,2.6297415203809695,24
2025-06-11,2.5347617265880227,24
2025-06-12,2.688744921191706,24
2025-06-13,2.688212085098864,24
2025-06-14,2.7895465110233593,24
2025-06-15,2.7506364898976607,24
2025-06-16,2.690864596235962,24
2025-06-17,2.618450983542077,24
2025-06-18,2.6069276481580976,24
2025-06-19,2.5788973919161005,24
2025-06-20,2.613308611996511,24
2025-06-21,2.537774282689448,24
2025-06-22,2.7391192532328,24
2025-06-23,2.708280352818728,24
2025-06-24,2.734303519128661,24
2025-06-25,2.6538959486865767,24
2025-06-26,2.734893635460997,24
2025-06-27,2.768776748664399,24
2025-06-28,2.6515048919548514,24
2025-06-29,2.7261492527568416,24
2025-06-30,2.7072783013796595,24
2025-07-01,2.7225790348479646,24
2025-07-02,2.6000509360087545,24
2025-07-03,2.6005813775764155,24
2025-07-04,2.7883661842612284,24
2025-07-05,2.6909134391442007,24
2025-07-06,2.713421595755122,24
2025-07-07,2.7819255317540934,24
2025-07-08,2.718622988176133,24
2025-07-09,2.6181039525780045,24
2025-07-10,2.693116500356803,24
2025-07-11,2.667389916270965,24
2025-07-12,2.7087878584609166,24
2025-07-13,2.6804057541540027,24
2025-07-14,2.7152042324902292,24
2025-07-15,2.7533659548890106,24
2025-07-16,2.731028619366615,24
2025-07-17,2.7123467117993334,24
2025-07-18,2.7481364222898077,24
2025-07-19,2.7957705916490245,24
2025-07-20,2.807819099597729,24
2025-07-21,2.6845309542312124,23
2025-07-22,2.761036150258895,24
2025-07-23,2.8413620046724457,24
2025-07-24,2.7702488151540807,24
2025-07-25,2.751023851524176,24
2025-07-26,2.825864710785086,24
2025-07-27,2.714818965788787,24
2025-07-28,2.774699050281422,24
2025-07-29,2.8604680484819935,24
2025-07-30,2.7836929159894215,24
2025-07-31,2.715179512950168,24
2025-08-01,2.7717597148506137,24
2025-08-02,2.8279486062132437,24
2025-08-03,2.787323388692713,24
2025-08-04,2.7346161389099644,24
2025-08-05,2.7269092434106597,24
2025-08-06,2.6735696588147655,24
2025-08-07,2.7759892589959336,24
2025-08-08,2.7027339801982246,24
2025-08-09,2.671558000375798,24
2025-08-10,2.645598203442808,24
2025-08-11,2.662810655913194,24
2025-08-12,2.6967563165434765,24
2025-08-13,2.805562829051032,24
2025-08-14,2.6378551311956633,24
2025-08-15,2.7063920182966954,24
2025-08-16,2.716522590470593,23
2025-08-17,2.726276225782675,24
2025-08-18,2.883698818180272,24
2025-08-19,2.755021988181988,24
2025-08-20,2.7516895393108554,24
2025-08-21,2.838613421412804,24
2025-08-22,2.7764473421803326,24
2025-08-23,2.7567721736616955,24
2025-08-24,2.710029725582426,24
2025-08-25,2.7364223293033643,24
2025-08-26,2.8619597168641255,24
2025-08-27,2.779868511381172,24
2025-08-28,2.7497614103396013,24
2025-08-29,2.6441926290805617,24
2025-08-30,2.6992217073043148,24
2025-08-31,2.713754078365052,24
2025-09-01,2.7801685890272303,24
2025-09-02,2.7894689472485674,24
2025-09-03,2.7759378799952192,24
2025-09-04,2.727547567264125,24
2025-09-05,2.727778649992741,24
2025-09-06,2.7477379180271435,24
2025-09-07,2.813868473796537,24
2025-09-08,2.845018907258694,24
2025-09-09,2.9571953728777376,24
2025-09-10,2.8662973056099985,24
2025-09-11,2.874294625117177,24
2025-09-12,2.8764004447647284,24
2025-09-13,2.8894307357984492,24
2025-09-14,2.823235449544725,24
2025-09-15,2.876166843614003,24
2025-09-16,2.852196573397751,24
2025-09-17,2.7909623448282925,24
2025-09-18,2.7067351683212393,24
2025-09-19,2.8274438425198225,24
2025-09-20,2.9413318472829393,24
2025-09-21,2.8922043675562192,24
2025-09-22,2.894091095724239,24
2025-09-23,2.888969988901271,24
2025-09-24,2.773430442971916,24
2025-09-25,2.8007381275722314,24
2025-09-26,2.84361359805085,24
2025-09-27,2.808882470262257,24
2025-09-28,2.7268783766767193,24
2025-09-29,2.9664250511622376,24
2025-09-30,3.0250935682085145,24
2025-10-01,2.8934634545097433,24
2025-10-02,2.8781337008239256,24
2025-10-03,2.7637114259874838,24
2025-10-04,2.872148322202752,24
2025-10-05,2.7763821679528755,24
2025-10-06,2.856928584815128,24
2025-10-07,2.8858655867670686,24
2025-10-08,2.765084135428477,24
2025-10-09,2.6839575228287647,22
2025-10-10,2.84624018616636,24
2025-10-11,2.8857958447686385,24
2025-10-12,2.9075934253068096,24
2025-10-13,2.8950839687334207,24
2025-10-14,3.028764585016059,24
2025-10-15,3.189233324535135,24
2025-10-16,3.1081048224472028,24
2025-10-17,3.133581410541079,24
2025-10-18,3.0262442950539694,23
2025-10-19,3.06794862780684,24
2025-10-20,3.1607038155923024,24
2025-10-21,2.9317839143318345,24
2025-10-22,2.9631390251585765,23
2025-10-23,3.066050059275801,24
2025-10-24,3.089529805673063,24
2025-10-25,3.3739724996454465,24
2025-10-26,3.086380551777685,24
2025-10-27,3.067687835482805,24
2025-10-28,2.7776331915443886,24
2025-10-29,2.7408678225826657,24
2025-10-30,2.9091069087901276,24
2025-10-31,3.1527442710707714,23
2025-11-01,3.1119582380215784,24
2025-11-02,2.9269661373321605,24
2025-11-03,2.94939858812358,24
2025-11-04,2.871600922622368,24
2025-11-05,2.7892916493847015,20
2025-11-06,3.0085267668513183,24
2025-11-07,2.828750345342293,24
2025-11-08,2.980451139592627,24
2025-11-09,3.0407653137162804,24
2025-11-10,2.888911587998975,21
2025-11-11,2.9365208889597736,23
2025-11-12,2.8758793746832922,24
2025-11-13,2.8802501892278403,24
2025-11-14,3.068005907619552,24
2025-11-15,3.0278456610483997,24
2025-11-16,2.940518153262531,24
2025-11-17,2.88508534370831,24
2025-11-18,2.940178817829542,23
2025-11-19,2.96015760032693,24
2025-11-20,2.882404073124469,24
2025-11-21,3.0080785171945212,24
2025-11-22,3.0275410496248405,23
2025-11-23,3.0434438336260072,24
2025-11-24,3.004526441158724,22
2025-11-25,,2
2025-11-26,3.0607195457470504,24
2025-11-27,2.916736210286453,24
2025-11-28,3.0386125147533027,24
2025-11-29,2.995611980703222,24
2025-11-30,2.9177992728315885,23
2025-12-01,2.9739168094015898,24
2025-12-02,2.883285726762477,24
2025-12-03,2.865739696786957,24
2025-12-04,2.837187650923759,22
2025-12-05,2.9940092047808142,23
2025-12-06,3.0748411954275,24
2025-12-07,3.094194178673038,24
2025-12-08,2.991816293439592,23
2025-12-09,2.9548833733832875,24
2025-12-10,2.945543174405877,24
2025-12-11,2.8023099565202503,24
2025-12-12,2.9950004336345657,24
2025-12-13,3.0475650670228314,23
2025-12-14,3.0392920683611204,24
2025-12-15,3.0888767516968954,24
2025-12-16,2.96770985758239,24
2025-12-17,2.9723653490939643,24
2025-12-18,2.9138852346329758,19
2025-12-19,2.9201399306699005,22
2025-12-20,2.8065232334054797,24
2025-12-21,2.844647376839228,24
2025-12-22,2.843151097835561,24
2025-12-23,2.8988081311813465,24
2025-12-24,2.8658968072967,23
2025-12-25,,15
2025-12-26,3.012622950287815,24
2025-12-27,3.1620353687235117,24
2025-12-28,2.985696446106242,24
2025-12-29,2.911454918407825,24
2025-12-30,2.9454237747399787,24
2025-12-31,2.939526864716508,24
2026-01-01,2.923828380616909,24
2026-01-02,2.8851758246757075,24
2026-01-03,3.0304074668218366,24
2026-01-04,2.939808826057234,24
2026-01-05,2.813655417683981,24
2026-01-06,2.901785545515638,24
2026-01-07,3.1789746451898733,24
2026-01-08,3.0731088764340746,24
2026-01-09,2.9569239551272544,24
2026-01-10,2.8096588759245096,24
2026-01-11,2.77334384833589,24
2026-01-12,2.8707490965474807,24
2026-01-13,2.844203163149879,24
2026-01-14,2.8822460654118367,24
2026-01-15,2.884116414587963,24
2026-01-16,2.8697783175613876,24
2026-01-17,2.7870396366806247,24
2026-01-18,2.8237997780959883,24
2026-01-19,2.854186254722847,24
2026-01-20,2.8675438588606634,24
2026-01-21,2.8875597591421864,24
2026-01-22,2.956039395921155,24
2026-01-23,2.905270224026166,24
2026-01-24,2.973673662833557,24
2026-01-25,3.0007893018164706,24
2026-01-26,2.9953276631863557,24
2026-01-27,2.8994910266933736,24
2026-01-28,2.8708049716772166,24
2026-01-29,2.9645258719016967,24
2026-01-30,2.9275246873562684,24
2026-01-31,2.8218445386591307,24
2026-02-01,2.8751520743165666,24
2026-02-02,2.9273164305583044,24
2026-02-03,2.9580858572495505,24
2026-02-04,2.886511733811683,24
2026-02-05,2.958425439909122,24
2026-02-06,2.919621205864177,24
2026-02-07,2.8252668604732487,24
2026-02-08,2.986324170962306,24
2026-02-09,3.133242522557858,24
2026-02-10,2.8783016753908934,24
2026-02-11,2.8027852697721563,24
2026-02-12,2.9969560543749876,24
2026-02-13,3.0584241600346225,24
2026-02-14,2.959599379929463,24
2026-02-15,2.878189892910511,24
2026-02-16,2.9543048814453763,24
2026-02-17,2.9662814223938616,24
2026-02-18,3.0036811158338868,24
2026-02-19,3.038805401899953,24
2026-02-20,2.8982803738442384,24
2026-02-21,2.95259677720097,24
2026-02-22,2.9761946016651963,24
2026-02-23,2.878117735647605,24
2026-02-24,3.0017613965887326,24
2026-02-25,2.8358721742178434,24
2026-02-26,2.8171683558957437,24
2026-02-27,2.771434124325525,24
2026-02-28,2.767824853728689,24
2026-03-01,2.7748112121216555,24
2026-03-02,2.7448762658490686,24
2026-03-03,2.6967273588734413,24
2026-03-04,2.7833680400696243,24
2026-03-05,2.795343387029814,24
2026-03-06,2.896929826823166,24
2026-03-07,2.9504386566984753,24
2026-03-08,3.1219342239090624,24
2026-03-09,3.0690783133690633,24
2026-03-10,2.8790570321191042,24
2026-03-11,3.058986043166023,24
2026-03-12,3.0944234260654064,24
2026-03-13,3.111873960270172,24
2026-03-14,3.0181908441084113,24
2026-03-15,2.9275433209968083,24
2026-03-16,2.9942124051473242,24
2026-03-17,3.0656523571191845,24
2026-03-18,2.969277659881547,24
2026-03-19,2.919158572865734,24
2026-03-20,2.9404480163742526,24
2026-03-21,2.892408306702509,24
2026-03-22,2.983108190163506,24
2026-03-23,2.9076986777226375,24
2026-03-24,2.902366750552382,24
2026-03-25,2.9403241250939662,24
2026-03-26,2.9306816426025413,24
2026-03-27,2.9490115139253135,24
2026-03-28,2.8668720876609814,24
2026-03-29,2.9050393828987544,24
2026-03-30,2.8679360563239022,24
2026-03-31,2.8234277735092763,24
2026-04-01,2.791968038824359,24
2026-04-02,2.8413462594892236,24
2026-04-03,2.907596856496667,24
2026-04-04,2.7767037474501617,24
2026-04-05,2.7773437212126106,24
2026-04-06,2.7332955437311064,24
2026-04-07,2.684509099391057,24
2026-04-08,2.70530389227856,24
2026-04-09,2.7771581807821226,24
2026-04-10,2.6608852657593447,24
2026-04-11,2.6855750192247134,24
2026-04-12,2.677765405412852,24
2026-04-13,2.786510917929549,24
2026-04-14,2.6817011877758294,24
2026-04-15,2.7311688274988306,24
2026-04-16,2.730075307605201,24
2026-04-17,2.806379087437464,24
2026-04-18,2.775262225183242,24
2026-04-19,2.8483379498566137,24
2026-04-20,2.896445906241922,24
2026-04-21,2.856884016839947,24
2026-04-22,2.8557261253442476,24
2026-04-23,2.882739311589778,24
2026-04-24,2.8485216415190027,24
2026-04-25,2.7815152301643553,24
2026-04-26,2.8197546069926913,24
2026-04-27,2.8805170327308542,24
2026-04-28,2.885254960782486,24
2026-04-29,2.8260823979148517,24
2026-04-30,2.850649994948934,24
2026-05-01,2.9002459916826364,24
2026-05-02,2.907239695501379,24
2026-05-03,2.8205924877860453,24
2026-05-04,2.8040660055537137,24
2026-05-05,2.81048510682873,24
2026-05-06,2.8737021181960567,24
2026-05-07,2.833864386071019,24
2026-05-08,2.7891235839357824,24
2026-05-09,2.7871090149218936,24
2026-05-10,2.9024002495770733,24
2026-05-11,2.9397314896292377,24
2026-05-12,2.8705454668933275,24
2026-05-13,2.819403117442155,24
2026-05-14,2.8545047535674586,24
2026-05-15,2.7851082784414336,24
2026-05-16,2.7365718767120586,24
2026-05-17,2.6777810887185893,24
2026-05-18,2.765371182960111,24
2026-05-19,2.7319718671715196,24
2026-05-20,2.797765585691839,24
2026-05-21,2.9031158552512792,24
2026-05-22,2.8096055000894933,24
2026-05-23,2.755700341902728,24
2026-05-24,2.7285094201203766,22
2026-05-25,2.6843934465948958,24
2026-05-26,2.6085994987836356,24
2026-05-27,2.639398811703002,24
2026-05-28,2.697322467789383,24
2026-05-29,2.625648989668401,24
2026-05-30,2.5920427890686897,24
2026-05-31,2.689405690298817,24
2026-06-01,2.567310223232389,24
2026-06-02,2.5917274832565087,24
2026-06-03,2.5996697455696323,24
2026-06-04,2.7942041467618126,24
2026-06-05,2.874283658909673,24
2026-06-06,2.7660903624626143,24
2026-06-07,2.7362438884015847,24
2026-06-08,2.6636282706473664,24
2026-06-09,2.5894448916887427,24
2026-06-10,2.674378640515828,24
2026-06-11,2.6738408754975667,24
2026-06-12,2.625222791717212,24
2026-06-13,2.68248764485812,24
2026-06-14,2.7225237372941944,24
2026-06-15,2.7087021170646954,24
2026-06-16,2.7030776951019937,24
2026-06-17,2.700241988451316,24
2026-06-18,2.6470563107334364,24
2026-06-19,2.616527365449202,24
2026-06-20,2.678507352446154,24
2026-06-21,2.629940184958119,24
2026-06-22,2.528732613626989,24
2026-06-23,,16
