period,n,ratio,rel_phase
whole record,58485,0.0517,103.2081
2020,8063,0.0507,104.1736
2021,6509,0.051,104.5167
2022,8563,0.052,100.506
2023,8659,0.0535,103.223
2024,8746,0.0548,103.7821
2025,8691,0.0503,102.006
2020 wet,3640,0.0564,101.5942
2020 dry,2872,0.0494,107.4441
2021 dry,2228,0.0472,108.2277
2022 wet,3602,0.0536,93.4072
2022 dry,2889,0.0492,108.6235
2023 wet,3670,0.0528,99.7132
2023 dry,2889,0.0512,106.1878
2024 wet,3665,0.0568,96.4129
2024 dry,2887,0.0544,106.2142
2025 wet,3665,0.0554,106.0712
2025 dry,2900,0.0503,106.5584
wet pooled,24138,0.0538,100.7801
dry pooled,19547,0.0496,106.5438
