case,group,label,model,kernel,n_train,n_test,RMSE_cm,MAE_cm,bias_cm,cover95
0,A,10% block centred 35%,GPM12,Matern 1/2,2229,183,10.531099443931355,8.28510370325528,-1.5596302791993886,92.34972677595628
0,A,10% block centred 35%,GP,Matern 3/2,2229,183,10.604103763922508,8.341084548462149,-1.663484037050748,92.34972677595628
0,A,10% block centred 35%,GPM52,Matern 5/2,2229,183,10.64118316049941,8.367578559091466,-1.7043446754252782,91.80327868852459
0,A,10% block centred 35%,GPRQ,rational quadratic,2229,183,10.359471357634654,8.17541999222443,-1.2264847088440478,93.44262295081968
0,A,10% block centred 35%,GP2M32,two-scale M3/2,2229,183,10.423906358399474,8.234500183724982,-1.3582209881323124,92.89617486338798
0,A,10% block centred 35%,GP2M32SA,GP-2M-SA,2229,183,10.461976461262687,8.104447910269712,-1.5622963565395065,92.34972677595628
0,A,10% block centred 35%,GPQP,M3/2 + quasi-periodic,2229,183,10.202539725229151,7.843557539171137,-1.7127352472306372,92.89617486338798
1,A,10% block centred 65%,GPM12,Matern 1/2,2155,257,8.96357486059691,7.062128805975863,1.8151242053937582,96.49805447470817
1,A,10% block centred 65%,GP,Matern 3/2,2155,257,8.983015289258976,7.089014446881628,1.8609054933637392,96.49805447470817
1,A,10% block centred 65%,GPM52,Matern 5/2,2155,257,8.990226930974572,7.096352018377333,1.8745322119716943,96.49805447470817
1,A,10% block centred 65%,GPRQ,rational quadratic,2155,257,8.78448264145625,6.839590967577392,1.092758647085496,96.49805447470817
1,A,10% block centred 65%,GP2M32,two-scale M3/2,2155,257,8.893433377498653,6.964133006973761,1.6210999516010898,96.49805447470817
1,A,10% block centred 65%,GP2M32SA,GP-2M-SA,2155,257,8.77093023360315,6.949497592974746,2.253463132750475,96.49805447470817
1,A,10% block centred 65%,GPQP,M3/2 + quasi-periodic,2155,257,8.849121570307362,7.067200772677759,2.174789955472655,96.10894941634241
2,A,20% block centred 35%,GPM12,Matern 1/2,1986,426,10.299995659413002,8.098854862324224,-0.10349328133298918,93.1924882629108
2,A,20% block centred 35%,GP,Matern 3/2,1986,426,10.306996455489971,8.110565570488937,-0.1146559470627548,92.95774647887323
2,A,20% block centred 35%,GPM52,Matern 5/2,1986,426,10.309450142542087,8.113870751527351,-0.1191413461232292,92.72300469483568
2,A,20% block centred 35%,GPRQ,rational quadratic,1986,426,10.273163270685124,8.098336122106216,0.08732439095841998,93.42723004694837
2,A,20% block centred 35%,GP2M32,two-scale M3/2,1986,426,10.292233013278635,8.08259205835251,-0.09962481217046858,93.42723004694837
2,A,20% block centred 35%,GP2M32SA,GP-2M-SA,1986,426,10.214375953288256,8.05324321264452,0.48257004328051845,92.72300469483568
2,A,20% block centred 35%,GPQP,M3/2 + quasi-periodic,1986,426,10.051406905817533,7.902387153929369,0.40273798529202476,92.95774647887323
3,A,20% block centred 65%,GPM12,Matern 1/2,1897,515,9.015582014253205,7.044836407514911,2.300146485687899,96.31067961165049
3,A,20% block centred 65%,GP,Matern 3/2,1897,515,9.019869173782785,7.039506536000253,2.3314009931451856,96.11650485436894
3,A,20% block centred 65%,GPM52,Matern 5/2,1897,515,9.020664059277735,7.0370219579688715,2.3403469486013737,96.11650485436894
3,A,20% block centred 65%,GPRQ,rational quadratic,1897,515,8.924452596349186,7.011610828188089,1.7927915845305717,96.50485436893203
3,A,20% block centred 65%,GP2M32,two-scale M3/2,1897,515,8.949459360595112,7.018866520829099,2.0375388103659806,96.50485436893203
3,A,20% block centred 65%,GP2M32SA,GP-2M-SA,1897,515,8.646633942739088,6.9364132190528505,1.770876249430884,97.0873786407767
3,A,20% block centred 65%,GPQP,M3/2 + quasi-periodic,1897,515,8.71113276728084,6.862850014208989,2.123657008447136,96.11650485436894
4,A,30% block centred 35%,GPM12,Matern 1/2,1782,630,10.597591284060819,8.443825276568512,-1.2268210589144641,92.38095238095238
4,A,30% block centred 35%,GP,Matern 3/2,1782,630,10.60028685166134,8.447445416545122,-1.2142476564194133,91.9047619047619
4,A,30% block centred 35%,GPM52,Matern 5/2,1782,630,10.600606869533001,8.448376686407002,-1.2100874798710954,91.9047619047619
4,A,30% block centred 35%,GPRQ,rational quadratic,1782,630,10.663606990137648,8.50539593553223,-1.4084154639595392,92.22222222222223
4,A,30% block centred 35%,GP2M32,two-scale M3/2,1782,630,10.591699270956816,8.440315482988817,-1.2469284163195922,92.53968253968254
4,A,30% block centred 35%,GP2M32SA,GP-2M-SA,1782,630,10.324827259577429,8.17326831725165,-0.6680074690327953,92.53968253968254
4,A,30% block centred 35%,GPQP,M3/2 + quasi-periodic,1782,630,10.585600362825366,8.432087233062001,-1.2547689522314822,92.22222222222223
5,A,30% block centred 65%,GPM12,Matern 1/2,1637,775,10.079137070350464,7.8626423941831645,3.007383645925111,93.41935483870968
5,A,30% block centred 65%,GP,Matern 3/2,1637,775,10.088744748725386,7.870378471023373,3.0338585427830744,93.16129032258064
5,A,30% block centred 65%,GPM52,Matern 5/2,1637,775,10.09060043107491,7.871639702869649,3.0389519223077572,93.03225806451613
5,A,30% block centred 65%,GPRQ,rational quadratic,1637,775,10.012879328444217,7.815272794035486,2.8168842791343214,93.6774193548387
5,A,30% block centred 65%,GP2M32,two-scale M3/2,1637,775,10.030545859545324,7.8277888003386575,2.779263345631535,93.54838709677419
5,A,30% block centred 65%,GP2M32SA,GP-2M-SA,1637,775,9.73975213614599,7.7117476035696315,2.574482071910832,93.80645161290323
5,A,30% block centred 65%,GPQP,M3/2 + quasi-periodic,1637,775,9.667570046903089,7.588281224794888,2.7384133970953224,93.80645161290323
6,A,40% block centred 35%,GPM12,Matern 1/2,1523,889,10.398324981654673,8.198296209277107,0.39815953411631644,92.2384701912261
6,A,40% block centred 35%,GP,Matern 3/2,1523,889,10.401323243287164,8.204928565776148,0.41197807082860827,92.1259842519685
6,A,40% block centred 35%,GPM52,Matern 5/2,1523,889,10.402443536185144,8.207036830162759,0.416699816486512,92.1259842519685
6,A,40% block centred 35%,GPRQ,rational quadratic,1523,889,10.393519102684861,8.178407584229237,0.23869051195705912,92.35095613048368
6,A,40% block centred 35%,GP2M32,two-scale M3/2,1523,889,10.390148947855355,8.177135981806781,0.36241251777747596,92.2384701912261
6,A,40% block centred 35%,GP2M32SA,GP-2M-SA,1523,889,10.145415755111744,7.9351780662276425,0.4911946709169861,92.46344206974129
6,A,40% block centred 35%,GPQP,M3/2 + quasi-periodic,1523,889,10.395697043382752,8.18876433043349,0.3760398112988891,92.2384701912261
7,A,40% block centred 65%,GPM12,Matern 1/2,1384,1028,10.006992925373371,7.850784715042715,2.0303487247581042,94.26070038910505
7,A,40% block centred 65%,GP,Matern 3/2,1384,1028,10.007714140647849,7.849864270585149,2.025664665472364,93.96887159533074
7,A,40% block centred 65%,GPM52,Matern 5/2,1384,1028,10.007995924333006,7.8504675953491185,2.0253084519047575,93.96887159533074
7,A,40% block centred 65%,GPRQ,rational quadratic,1384,1028,10.005429504734527,7.85275226355171,2.0210323835853803,94.3579766536965
7,A,40% block centred 65%,GP2M32,two-scale M3/2,1384,1028,10.003967814069817,7.849980566411295,2.041830484532206,94.3579766536965
7,A,40% block centred 65%,GP2M32SA,GP-2M-SA,1384,1028,9.744129571521666,7.749052886897156,2.0917876735438123,94.55252918287937
7,A,40% block centred 65%,GPQP,M3/2 + quasi-periodic,1384,1028,10.005487724837584,7.850360110765074,2.0446253317742613,94.3579766536965
8,B,last 10%,GPM12,Matern 1/2,2155,257,11.060064327167964,8.742612385263335,-3.1309960237304124,91.82879377431907
8,B,last 10%,GP,Matern 3/2,2155,257,11.062702257914045,8.744069114943942,-3.1357012602923193,91.43968871595331
8,B,last 10%,GPM52,Matern 5/2,2155,257,11.063555230714803,8.744294836606132,-3.1380696280562232,91.43968871595331
8,B,last 10%,GPRQ,rational quadratic,2155,257,10.907266488636838,8.654834285859598,-2.7123208363675304,92.21789883268482
8,B,last 10%,GP2M32,two-scale M3/2,2155,257,11.054559071826308,8.73814938010089,-3.116281618389395,91.82879377431907
8,B,last 10%,GP2M32SA,GP-2M-SA,2155,257,10.595983846631581,8.307428390617,-3.1166976838665486,91.43968871595331
8,B,last 10%,GPQP,M3/2 + quasi-periodic,2155,257,10.680626667546477,8.332682102105908,-3.381944209312894,92.21789883268482
9,B,last 20%,GPM12,Matern 1/2,1894,518,10.215826062298557,7.932504773843865,-3.323623652343727,93.62934362934364
9,B,last 20%,GP,Matern 3/2,1894,518,10.21315914579002,7.927977214757546,-3.3377562470859745,93.43629343629344
9,B,last 20%,GPM52,Matern 5/2,1894,518,10.212468836039008,7.926988005944019,-3.3470371425989187,93.62934362934364
9,B,last 20%,GPRQ,rational quadratic,1894,518,10.309087681547005,7.994978663629359,-3.6625075376263347,93.62934362934364
9,B,last 20%,GP2M32,two-scale M3/2,1894,518,10.222409304217303,7.941820267590403,-3.341609339607827,93.82239382239382
9,B,last 20%,GP2M32SA,GP-2M-SA,1894,518,9.85387863786787,7.740195189745477,-3.1103573073139157,95.36679536679536
9,B,last 20%,GPQP,M3/2 + quasi-periodic,1894,518,9.80966317961529,7.656698575881022,-3.0306247258419945,94.5945945945946
10,B,last 30%,GPM12,Matern 1/2,1634,778,10.09647885355412,7.976972751645024,-2.697882639677683,94.2159383033419
10,B,last 30%,GP,Matern 3/2,1634,778,10.0978173312377,7.97723804967521,-2.7054875455299516,94.08740359897172
10,B,last 30%,GPM52,Matern 5/2,1634,778,10.098443141985108,7.977330450259412,-2.709140232956408,93.95886889460155
10,B,last 30%,GPRQ,rational quadratic,1634,778,10.127334784247667,8.00537934010796,-2.772220950686878,94.34447300771208
10,B,last 30%,GP2M32,two-scale M3/2,1634,778,10.102537507953514,7.985318181353731,-2.713523063473812,94.2159383033419
10,B,last 30%,GP2M32SA,GP-2M-SA,1634,778,9.989211596070248,7.9544949583418445,-3.14435986866377,95.24421593830334
10,B,last 30%,GPQP,M3/2 + quasi-periodic,1634,778,9.945155784137029,7.901051944994525,-3.076746789739191,95.11568123393316
11,B,last 40%,GPM12,Matern 1/2,1377,1035,9.749019294304977,7.656529491661826,-1.5673851818228546,95.07246376811594
11,B,last 40%,GP,Matern 3/2,1377,1035,9.747388096178451,7.655711752591579,-1.5437052517040228,94.97584541062803
11,B,last 40%,GPM52,Matern 5/2,1377,1035,9.747559340907625,7.656251417644008,-1.5386927360001452,94.87922705314008
11,B,last 40%,GPRQ,rational quadratic,1377,1035,9.940002347242242,7.807393030215199,-2.451489132088483,95.16908212560386
11,B,last 40%,GP2M32,two-scale M3/2,1377,1035,9.804984751502122,7.703016729020967,-1.8667717211778974,95.45893719806763
11,B,last 40%,GP2M32SA,GP-2M-SA,1377,1035,9.502980581628147,7.515242858499595,-1.5442956596380926,96.32850241545894
11,B,last 40%,GPQP,M3/2 + quasi-periodic,1377,1035,9.804631114425428,7.702047610333546,-1.8729447476829388,95.3623188405797
12,C1,2020-06-25 to 2020-09-07,GPM12,Matern 1/2,2338,74,7.436263843566966,5.799143606592382,3.2539387740338634,98.64864864864865
12,C1,2020-06-25 to 2020-09-07,GP,Matern 3/2,2338,74,7.45968573795526,5.820799880138104,3.295020125998897,97.2972972972973
12,C1,2020-06-25 to 2020-09-07,GPM52,Matern 5/2,2338,74,7.468267806881546,5.826631271950955,3.308090118042785,97.2972972972973
12,C1,2020-06-25 to 2020-09-07,GPRQ,rational quadratic,2338,74,7.085392424794174,5.479627124725613,2.37453608356429,100.0
12,C1,2020-06-25 to 2020-09-07,GP2M32,two-scale M3/2,2338,74,7.338079248915272,5.6822303907565885,3.051401243964934,98.64864864864865
12,C1,2020-06-25 to 2020-09-07,GP2M32SA,GP-2M-SA,2338,74,6.852799875513002,5.363749563211691,1.4722706713963492,100.0
12,C1,2020-06-25 to 2020-09-07,GPQP,M3/2 + quasi-periodic,2338,74,7.17844746414588,5.4662527076373,2.639236875582481,97.2972972972973
13,C1,2022-06-25 to 2022-09-07,GPM12,Matern 1/2,2338,74,9.91922753442347,8.319151450880574,-3.9665121164968427,97.2972972972973
13,C1,2022-06-25 to 2022-09-07,GP,Matern 3/2,2338,74,9.9047325210243,8.30084908746655,-3.9309308886762833,97.2972972972973
13,C1,2022-06-25 to 2022-09-07,GPM52,Matern 5/2,2338,74,9.899465292728635,8.292882865172384,-3.9179786761391924,97.2972972972973
13,C1,2022-06-25 to 2022-09-07,GPRQ,rational quadratic,2338,74,9.692778646414112,8.05214596824236,-3.528872259533962,97.2972972972973
13,C1,2022-06-25 to 2022-09-07,GP2M32,two-scale M3/2,2338,74,9.912845345836573,8.307062300497128,-3.992359534927302,97.2972972972973
13,C1,2022-06-25 to 2022-09-07,GP2M32SA,GP-2M-SA,2338,74,10.701733343602704,9.12199578223538,-5.937312868868762,97.2972972972973
13,C1,2022-06-25 to 2022-09-07,GPQP,M3/2 + quasi-periodic,2338,74,10.997389254285753,9.472620302244447,-6.401147424158542,91.8918918918919
14,C1,2023-06-25 to 2023-09-07,GPM12,Matern 1/2,2337,75,10.458827907481195,8.178230581484652,6.827937446852758,92.0
14,C1,2023-06-25 to 2023-09-07,GP,Matern 3/2,2337,75,10.506407037606824,8.23595398581925,6.914070905154446,90.66666666666666
14,C1,2023-06-25 to 2023-09-07,GPM52,Matern 5/2,2337,75,10.524432464452122,8.256409254884801,6.939629216837149,90.66666666666666
14,C1,2023-06-25 to 2023-09-07,GPRQ,rational quadratic,2337,75,9.822265010151828,7.66663647441831,5.772436943130741,92.0
14,C1,2023-06-25 to 2023-09-07,GP2M32,two-scale M3/2,2337,75,10.30848643605843,8.074151171653774,6.444821813216175,92.0
14,C1,2023-06-25 to 2023-09-07,GP2M32SA,GP-2M-SA,2337,75,9.494717238376944,7.5140094761455885,5.124790035462843,93.33333333333333
14,C1,2023-06-25 to 2023-09-07,GPQP,M3/2 + quasi-periodic,2337,75,11.140192706254028,8.882508413687496,7.319002331972388,88.0
15,C1,2024-06-25 to 2024-09-07,GPM12,Matern 1/2,2337,75,7.45021518926387,5.817901955608383,-1.0128528810257464,100.0
15,C1,2024-06-25 to 2024-09-07,GP,Matern 3/2,2337,75,7.444130528384221,5.794204195934998,-0.99263221565285,100.0
15,C1,2024-06-25 to 2024-09-07,GPM52,Matern 5/2,2337,75,7.443526272521875,5.799733465323122,-0.9963905641364192,100.0
15,C1,2024-06-25 to 2024-09-07,GPRQ,rational quadratic,2337,75,7.650526433159337,6.393264699702423,-2.4044300708204442,100.0
15,C1,2024-06-25 to 2024-09-07,GP2M32,two-scale M3/2,2337,75,7.427174416328744,5.960132178929498,-1.4116309530994358,100.0
15,C1,2024-06-25 to 2024-09-07,GP2M32SA,GP-2M-SA,2337,75,8.333383824472627,7.041886766959695,-3.159077909788278,100.0
15,C1,2024-06-25 to 2024-09-07,GPQP,M3/2 + quasi-periodic,2337,75,7.499319446970659,6.192084007189795,-2.128368695056256,100.0
16,C1,2025-06-25 to 2025-09-07,GPM12,Matern 1/2,2337,75,6.260762568964647,4.987121221751643,-1.3848146002572634,100.0
16,C1,2025-06-25 to 2025-09-07,GP,Matern 3/2,2337,75,6.226762575058803,4.955680675655896,-1.4634617462580202,100.0
16,C1,2025-06-25 to 2025-09-07,GPM52,Matern 5/2,2337,75,6.217415683378714,4.949123289977636,-1.491919729752547,100.0
16,C1,2025-06-25 to 2025-09-07,GPRQ,rational quadratic,2337,75,6.290515628946178,5.058742750620538,-0.5894077156107642,100.0
16,C1,2025-06-25 to 2025-09-07,GP2M32,two-scale M3/2,2337,75,6.405484331061302,5.123453031648925,-1.1998909122139558,100.0
16,C1,2025-06-25 to 2025-09-07,GP2M32SA,GP-2M-SA,2337,75,7.5635716372139905,6.160897296875508,-3.2581306371068384,100.0
16,C1,2025-06-25 to 2025-09-07,GPQP,M3/2 + quasi-periodic,2337,75,6.572972182018752,5.337176635904188,-2.6604497346081613,100.0
17,C2,2021-11-27 to 2022-01-04,GPM12,Matern 1/2,2373,39,11.583989076470461,8.839133347680756,1.8385028571313553,89.74358974358975
17,C2,2021-11-27 to 2022-01-04,GP,Matern 3/2,2373,39,11.558105024928746,8.820635600061967,2.024214645811809,89.74358974358975
17,C2,2021-11-27 to 2022-01-04,GPM52,Matern 5/2,2373,39,11.55980915430243,8.83496263319112,2.0933893316760193,89.74358974358975
17,C2,2021-11-27 to 2022-01-04,GPRQ,rational quadratic,2373,39,11.618731485606808,8.908258453664548,1.7840263413486772,92.3076923076923
17,C2,2021-11-27 to 2022-01-04,GP2M32,two-scale M3/2,2373,39,11.653542761007836,8.956004079676601,1.4166355515842262,89.74358974358975
17,C2,2021-11-27 to 2022-01-04,GP2M32SA,GP-2M-SA,2373,39,11.58111963083556,8.933339600112841,-0.3472322356746287,89.74358974358975
17,C2,2021-11-27 to 2022-01-04,GPQP,M3/2 + quasi-periodic,2373,39,11.551361443829418,8.989211537752206,-0.25619419476711347,92.3076923076923
18,C2,2022-11-27 to 2023-01-04,GPM12,Matern 1/2,2373,39,8.98903668102496,7.3931318242440796,-0.8752517847766055,97.43589743589743
18,C2,2022-11-27 to 2023-01-04,GP,Matern 3/2,2373,39,9.231740798210808,7.609915181490824,-0.5563410220026763,97.43589743589743
18,C2,2022-11-27 to 2023-01-04,GPM52,Matern 5/2,2373,39,9.299855271524887,7.663017282054585,-0.47400298590091694,97.43589743589743
18,C2,2022-11-27 to 2023-01-04,GPRQ,rational quadratic,2373,39,9.18192486223436,7.566961172079218,-3.2565410473970666,92.3076923076923
18,C2,2022-11-27 to 2023-01-04,GP2M32,two-scale M3/2,2373,39,8.46986936920475,6.866106780927829,-2.601598009095288,94.87179487179486
18,C2,2022-11-27 to 2023-01-04,GP2M32SA,GP-2M-SA,2373,39,9.334381927201685,7.594185219363612,-3.997169750114239,89.74358974358975
18,C2,2022-11-27 to 2023-01-04,GPQP,M3/2 + quasi-periodic,2373,39,9.716202122084516,8.087795803623376,-3.24795725472074,89.74358974358975
19,C2,2023-11-27 to 2024-01-04,GPM12,Matern 1/2,2376,36,9.143156586884965,7.956665395325745,6.820785631599459,97.22222222222221
19,C2,2023-11-27 to 2024-01-04,GP,Matern 3/2,2376,36,9.187508942863449,7.992326474171069,6.868247170371156,97.22222222222221
19,C2,2023-11-27 to 2024-01-04,GPM52,Matern 5/2,2376,36,9.197206736143052,7.999362516260132,6.881654987953286,97.22222222222221
19,C2,2023-11-27 to 2024-01-04,GPRQ,rational quadratic,2376,36,8.448779934322035,7.295325753102991,5.971990380302948,100.0
19,C2,2023-11-27 to 2024-01-04,GP2M32,two-scale M3/2,2376,36,8.922833664095684,7.782889147658831,6.695395863419179,100.0
19,C2,2023-11-27 to 2024-01-04,GP2M32SA,GP-2M-SA,2376,36,7.636420297296587,6.48639665501667,4.944738616778886,100.0
19,C2,2023-11-27 to 2024-01-04,GPQP,M3/2 + quasi-periodic,2376,36,7.636889113196037,6.379935518391562,4.927858650731087,100.0
20,C2,2024-11-27 to 2025-01-04,GPM12,Matern 1/2,2373,39,11.57076070526926,9.754780582064802,7.927149790910286,87.17948717948718
20,C2,2024-11-27 to 2025-01-04,GP,Matern 3/2,2373,39,11.580008076510483,9.755006961883437,7.773472231159821,84.61538461538461
20,C2,2024-11-27 to 2025-01-04,GPM52,Matern 5/2,2373,39,11.604893806461824,9.772906433115777,7.724306882727651,84.61538461538461
20,C2,2024-11-27 to 2025-01-04,GPRQ,rational quadratic,2373,39,11.744800013907321,9.921487246514912,8.10205418549628,89.74358974358975
20,C2,2024-11-27 to 2025-01-04,GP2M32,two-scale M3/2,2373,39,11.979369102243705,10.124157706237344,8.437117281155768,87.17948717948718
20,C2,2024-11-27 to 2025-01-04,GP2M32SA,GP-2M-SA,2373,39,10.583620891856912,8.810257301015184,6.429013087248759,89.74358974358975
20,C2,2024-11-27 to 2025-01-04,GPQP,M3/2 + quasi-periodic,2373,39,10.293230044096882,8.563892856062125,5.750630947085167,89.74358974358975
21,C2,2025-11-27 to 2026-01-04,GPM12,Matern 1/2,2374,38,8.463483498501981,6.825337019712256,0.2194828275457548,97.36842105263158
21,C2,2025-11-27 to 2026-01-04,GP,Matern 3/2,2374,38,8.469706008659161,6.925627313556765,0.15326725029962215,97.36842105263158
21,C2,2025-11-27 to 2026-01-04,GPM52,Matern 5/2,2374,38,8.475442575884573,6.970785997850109,0.15646538547286218,97.36842105263158
21,C2,2025-11-27 to 2026-01-04,GPRQ,rational quadratic,2374,38,8.517318396565281,6.790642874250459,1.1525375938208242,97.36842105263158
21,C2,2025-11-27 to 2026-01-04,GP2M32,two-scale M3/2,2374,38,8.465734503392097,6.7750157520110665,0.7973371874724577,97.36842105263158
21,C2,2025-11-27 to 2026-01-04,GP2M32SA,GP-2M-SA,2374,38,8.561182698620955,6.873882065152627,-1.3929991082944775,97.36842105263158
21,C2,2025-11-27 to 2026-01-04,GPQP,M3/2 + quasi-periodic,2374,38,8.861213252714176,7.094409385238711,-2.4869842365816264,97.36842105263158
22,D,10% scattered 1-10 d gaps,GPM12,Matern 1/2,2169,243,9.506885235325935,7.32596419982937,-0.4856460156773342,92.18106995884774
22,D,10% scattered 1-10 d gaps,GP,Matern 3/2,2169,243,9.609693791925036,7.423453935920256,-0.48635765782610596,92.5925925925926
22,D,10% scattered 1-10 d gaps,GPM52,Matern 5/2,2169,243,9.667345501389851,7.48346842173618,-0.4878138225708166,92.18106995884774
22,D,10% scattered 1-10 d gaps,GPRQ,rational quadratic,2169,243,9.366787386659816,7.2089227192383785,-0.574234986878921,90.94650205761316
22,D,10% scattered 1-10 d gaps,GP2M32,two-scale M3/2,2169,243,9.41178921978853,7.272328255520177,-0.5071526452009685,90.94650205761316
22,D,10% scattered 1-10 d gaps,GP2M32SA,GP-2M-SA,2169,243,9.443694879277617,7.330003170316476,-0.3828363025540521,91.76954732510289
22,D,10% scattered 1-10 d gaps,GPQP,M3/2 + quasi-periodic,2169,243,9.623896877396284,7.429637530876823,-0.4814063592786469,91.76954732510289
23,D,20% scattered 1-10 d gaps,GPM12,Matern 1/2,1929,483,9.090465863389056,6.8207361503958674,-0.33878075238357974,94.40993788819875
23,D,20% scattered 1-10 d gaps,GP,Matern 3/2,1929,483,9.290479040987831,6.983288975096825,-0.2747600239345715,94.20289855072464
23,D,20% scattered 1-10 d gaps,GPM52,Matern 5/2,1929,483,9.36935566600823,7.052972530763787,-0.25092141345852526,93.7888198757764
23,D,20% scattered 1-10 d gaps,GPRQ,rational quadratic,1929,483,8.864467841612559,6.745973499288891,-0.45276317425991636,93.99585921325053
23,D,20% scattered 1-10 d gaps,GP2M32,two-scale M3/2,1929,483,8.813761895108057,6.714141806957738,-0.4447563754088326,94.40993788819875
23,D,20% scattered 1-10 d gaps,GP2M32SA,GP-2M-SA,1929,483,8.689647331271935,6.617383959890143,-0.38764719332646125,95.23809523809523
23,D,20% scattered 1-10 d gaps,GPQP,M3/2 + quasi-periodic,1929,483,9.208852675888405,6.954233462633508,-0.5701307687621121,94.20289855072464
24,D,30% scattered 1-10 d gaps,GPM12,Matern 1/2,1682,730,8.793428158256981,6.723677438648935,-0.38067283128337337,95.61643835616438
24,D,30% scattered 1-10 d gaps,GP,Matern 3/2,1682,730,8.859200029126143,6.7725998881313325,-0.37352884754456717,95.61643835616438
24,D,30% scattered 1-10 d gaps,GPM52,Matern 5/2,1682,730,8.895117465256446,6.805319929044072,-0.3732579148327973,95.47945205479452
24,D,30% scattered 1-10 d gaps,GPRQ,rational quadratic,1682,730,8.582734398237546,6.5771375055826145,-0.34092751816464995,95.47945205479452
24,D,30% scattered 1-10 d gaps,GP2M32,two-scale M3/2,1682,730,8.705007004288492,6.675900502402181,-0.4087604082296706,95.2054794520548
24,D,30% scattered 1-10 d gaps,GP2M32SA,GP-2M-SA,1682,730,8.645984701496713,6.655071290356595,-0.2762141744676591,94.93150684931507
24,D,30% scattered 1-10 d gaps,GPQP,M3/2 + quasi-periodic,1682,730,8.735105752482475,6.721622541257694,-0.1218452613934966,95.34246575342465
25,D,40% scattered 1-10 d gaps,GPM12,Matern 1/2,1447,965,9.148896857581452,6.972350800777018,0.8539812891892863,93.47150259067357
25,D,40% scattered 1-10 d gaps,GP,Matern 3/2,1447,965,9.257087043636833,7.072924129767679,0.819451166830138,93.3678756476684
25,D,40% scattered 1-10 d gaps,GPM52,Matern 5/2,1447,965,9.307955417398539,7.116167727652438,0.8083992982349655,93.16062176165804
25,D,40% scattered 1-10 d gaps,GPRQ,rational quadratic,1447,965,9.016556484094956,6.885963651610645,0.8974807047461845,93.3678756476684
25,D,40% scattered 1-10 d gaps,GP2M32,two-scale M3/2,1447,965,9.075023397781546,6.9383044921562735,0.909744419246094,92.53886010362694
25,D,40% scattered 1-10 d gaps,GP2M32SA,GP-2M-SA,1447,965,9.080112547801134,6.968696193968513,0.857931781715626,93.26424870466322
25,D,40% scattered 1-10 d gaps,GPQP,M3/2 + quasi-periodic,1447,965,9.27260306236833,7.080665742625292,0.7502136585514836,92.74611398963731
